symbol	usa	ita_candidate	score	block_pointer	source
CeladonCity_h	06:4000	06:4000	5	40DF	MANIFEST+SEARCH
PalletTown_h	06:42A1	06:42A1	5	42FD	MANIFEST+SEARCH
PalletTown_h	06:42A1	07:4000	5	4069	SEARCH
PalletTown_h	06:42A1	11:4000	5	4085	SEARCH
PalletTown_h	06:42A1	12:4000	5	4051	SEARCH
PalletTown_h	06:42A1	1D:5B4D	2	0707	SEARCH
ViridianCity_h	06:4357	06:4357	5	43EC	MANIFEST+SEARCH
ViridianCity_h	06:4357	06:4554	5	45E6	SEARCH
ViridianCity_h	06:4357	06:474E	5	4830	SEARCH
ViridianCity_h	06:4357	06:4998	5	4A3F	SEARCH
ViridianCity_h	06:4357	06:4BA7	5	4C86	SEARCH
ViridianCity_h	06:4357	14:49A4	5	4A98	SEARCH
PewterCity_h	06:4554	06:4554	5	45E6	MANIFEST+SEARCH
PewterCity_h	06:4554	06:4357	5	43EC	SEARCH
PewterCity_h	06:4554	06:474E	5	4830	SEARCH
PewterCity_h	06:4554	06:4998	5	4A3F	SEARCH
PewterCity_h	06:4554	06:4BA7	5	4C86	SEARCH
PewterCity_h	06:4554	14:49A4	5	4A98	SEARCH
CeruleanCity_h	06:474E	06:474E	5	4830	MANIFEST+SEARCH
CeruleanCity_h	06:474E	06:4357	5	43EC	SEARCH
CeruleanCity_h	06:474E	06:4554	5	45E6	SEARCH
CeruleanCity_h	06:474E	06:4998	5	4A3F	SEARCH
CeruleanCity_h	06:474E	06:4BA7	5	4C86	SEARCH
CeruleanCity_h	06:474E	14:49A4	5	4A98	SEARCH
VermilionCity_h	06:4998	06:4998	5	4A3F	MANIFEST+SEARCH
VermilionCity_h	06:4998	06:4357	5	43EC	SEARCH
VermilionCity_h	06:4998	06:4554	5	45E6	SEARCH
VermilionCity_h	06:4998	06:474E	5	4830	SEARCH
VermilionCity_h	06:4998	06:4BA7	5	4C86	SEARCH
VermilionCity_h	06:4998	14:49A4	5	4A98	SEARCH
FuchsiaCity_h	06:4BA7	06:4BA7	5	4C86	MANIFEST+SEARCH
FuchsiaCity_h	06:4BA7	06:4357	5	43EC	SEARCH
FuchsiaCity_h	06:4BA7	06:4554	5	45E6	SEARCH
FuchsiaCity_h	06:4BA7	06:474E	5	4830	SEARCH
FuchsiaCity_h	06:4BA7	06:4998	5	4A3F	SEARCH
FuchsiaCity_h	06:4BA7	14:49A4	5	4A98	SEARCH
BluesHouse_h	06:5B2F	06:5B34	5	5BFB	SEARCH
BluesHouse_h	06:5B2F	06:5C0B	5	5C44	SEARCH
BluesHouse_h	06:5B2F	07:5540	5	41EE	SEARCH
BluesHouse_h	06:5B2F	07:557D	5	41DE	SEARCH
BluesHouse_h	06:5B2F	07:55E7	5	41DE	SEARCH
BluesHouse_h	06:5B2F	07:563C	5	41DE	SEARCH
BluesHouse_h	06:5B2F	07:5679	5	41FE	SEARCH
BluesHouse_h	06:5B2F	07:56EA	5	41DE	SEARCH
BluesHouse_h	06:5B2F	07:589D	5	41DE	SEARCH
BluesHouse_h	06:5B2F	07:59A3	5	41DE	SEARCH
BluesHouse_h	06:5B2F	07:5A07	5	41DE	SEARCH
BluesHouse_h	06:5B2F	07:5AF1	5	41DE	SEARCH
BluesHouse_h	06:5B2F	07:5D2F	5	41EE	SEARCH
BluesHouse_h	06:5B2F	07:5DD2	5	41DE	SEARCH
BluesHouse_h	06:5B2F	07:5E31	5	41DE	SEARCH
BluesHouse_h	06:5B2F	07:5EE2	5	41DE	SEARCH
BluesHouse_h	06:5B2F	07:65ED	5	41DE	SEARCH
BluesHouse_h	06:5B2F	15:6064	5	522F	SEARCH
BluesHouse_h	06:5B2F	15:6243	5	522F	SEARCH
BluesHouse_h	06:5B2F	15:6473	5	522F	SEARCH
BluesHouse_h	06:5B2F	1D:5086	5	4020	SEARCH
VermilionTradeHouse_h	06:5C06	06:5B34	5	5BFB	SEARCH
VermilionTradeHouse_h	06:5C06	06:5C0B	5	5C44	SEARCH
VermilionTradeHouse_h	06:5C06	07:5540	5	41EE	SEARCH
VermilionTradeHouse_h	06:5C06	07:557D	5	41DE	SEARCH
VermilionTradeHouse_h	06:5C06	07:55E7	5	41DE	SEARCH
VermilionTradeHouse_h	06:5C06	07:563C	5	41DE	SEARCH
VermilionTradeHouse_h	06:5C06	07:5679	5	41FE	SEARCH
VermilionTradeHouse_h	06:5C06	07:56EA	5	41DE	SEARCH
VermilionTradeHouse_h	06:5C06	07:589D	5	41DE	SEARCH
VermilionTradeHouse_h	06:5C06	07:59A3	5	41DE	SEARCH
VermilionTradeHouse_h	06:5C06	07:5A07	5	41DE	SEARCH
VermilionTradeHouse_h	06:5C06	07:5AF1	5	41DE	SEARCH
VermilionTradeHouse_h	06:5C06	07:5D2F	5	41EE	SEARCH
VermilionTradeHouse_h	06:5C06	07:5DD2	5	41DE	SEARCH
VermilionTradeHouse_h	06:5C06	07:5E31	5	41DE	SEARCH
VermilionTradeHouse_h	06:5C06	07:5EE2	5	41DE	SEARCH
VermilionTradeHouse_h	06:5C06	07:65ED	5	41DE	SEARCH
VermilionTradeHouse_h	06:5C06	15:6064	5	522F	SEARCH
VermilionTradeHouse_h	06:5C06	15:6243	5	522F	SEARCH
VermilionTradeHouse_h	06:5C06	15:6473	5	522F	SEARCH
VermilionTradeHouse_h	06:5C06	1D:5086	5	4020	SEARCH
IndigoPlateauLobby_h	06:5C4F	06:5C54	5	5CD4	SEARCH
IndigoPlateauLobby_h	06:5C4F	10:61C3	2	2018	SEARCH
IndigoPlateauLobby_h	06:5C4F	1D:61BA	0	D0FF	SEARCH
SilphCo4F_h	06:5CFF	06:5D04	5	5EA9	SEARCH
SilphCo4F_h	06:5CFF	06:5F30	5	611B	SEARCH
SilphCo4F_h	06:5CFF	14:61E1	5	6325	SEARCH
SilphCo4F_h	06:5CFF	16:5CE5	5	5EC8	SEARCH
SilphCo4F_h	06:5CFF	16:5F4F	5	60A6	SEARCH
SilphCo4F_h	06:5CFF	17:543E	5	549E	SEARCH
SilphCo5F_h	06:5F2B	06:5D04	5	5EA9	SEARCH
SilphCo5F_h	06:5F2B	06:5F30	5	611B	SEARCH
SilphCo5F_h	06:5F2B	14:61E1	5	6325	SEARCH
SilphCo5F_h	06:5F2B	16:5CE5	5	5EC8	SEARCH
SilphCo5F_h	06:5F2B	16:5F4F	5	60A6	SEARCH
SilphCo5F_h	06:5F2B	17:543E	5	549E	SEARCH
SilphCo6F_h	06:619D	06:61A2	5	6370	SEARCH
SilphCo6F_h	06:619D	14:5B54	5	5F56	SEARCH
SilphCo6F_h	06:619D	15:64F8	5	666D	SEARCH
SilphCo6F_h	06:619D	17:57AB	5	5985	SEARCH
CinnabarIsland_h	07:4000	07:4000	5	4069	MANIFEST+SEARCH
CinnabarIsland_h	07:4000	06:42A1	5	42FD	SEARCH
CinnabarIsland_h	07:4000	11:4000	5	4085	SEARCH
CinnabarIsland_h	07:4000	12:4000	5	4051	SEARCH
CinnabarIsland_h	07:4000	1D:5B4D	2	0707	SEARCH
Route1_h	07:40C3	07:40C3	5	40FC	MANIFEST+SEARCH
Route1_h	07:40C3	14:4682	5	46E7	SEARCH
Route1_h	07:40C3	15:4581	5	45D2	SEARCH
Route1_h	07:40C3	16:4000	5	4079	SEARCH
OaksLab_h	07:4B02	07:4B02	5	41C0	MANIFEST+SEARCH
OaksLab_h	07:4B02	17:4D4C	5	4FDE	SEARCH
OaksLab_h	07:4B02	03:6B61	2	0B0C	SEARCH
OaksLab_h	07:4B02	11:5E7E	2	050E	SEARCH
OaksLab_h	07:4B02	1A:7441	2	0506	SEARCH
OaksLab_h	07:4B02	1A:7443	2	0506	SEARCH
OaksLab_h	07:4B02	1A:7445	2	0506	SEARCH
OaksLab_h	07:4B02	1A:78AF	2	1506	SEARCH
OaksLab_h	07:4B02	1B:4A80	2	1506	SEARCH
OaksLab_h	07:4B02	1B:4AB8	2	1506	SEARCH
OaksLab_h	07:4B02	1B:4AE0	2	1506	SEARCH
OaksLab_h	07:4B02	1B:4AE8	2	1506	SEARCH
OaksLab_h	07:4B02	1B:4B20	2	1506	SEARCH
OaksLab_h	07:4B02	1B:4B78	2	1506	SEARCH
OaksLab_h	07:4B02	1B:4C38	2	1506	SEARCH
OaksLab_h	07:4B02	1B:4C48	2	1506	SEARCH
OaksLab_h	07:4B02	1B:4C50	2	1506	SEARCH
OaksLab_h	07:4B02	1B:4C60	2	1506	SEARCH
OaksLab_h	07:4B02	11:5EDE	0	0E05	SEARCH
OaksLab_h	07:4B02	1A:7447	0	0506	SEARCH
OaksLab_h	07:4B02	1A:7449	0	0506	SEARCH
OaksLab_h	07:4B02	1A:744B	0	FF06	SEARCH
ViridianMart_h	07:5462	07:5462	5	5530	MANIFEST+SEARCH
ViridianMart_h	07:5462	07:5D7D	5	5DC2	SEARCH
ViridianMart_h	07:5462	17:4887	5	4000	SEARCH
ViridianMart_h	07:5462	17:491E	5	4000	SEARCH
ViridianMart_h	07:5462	17:49D3	5	4000	SEARCH
ViridianMart_h	07:5462	17:53F9	5	4000	SEARCH
ViridianMart_h	07:5462	1D:4D1B	5	4010	SEARCH
ViridianMart_h	07:5462	1D:5EE9	5	4010	SEARCH
ViridianMart_h	07:5462	10:6346	3	5450	SEARCH
ViridianMart_h	07:5462	04:6399	2	0606	SEARCH
ViridianMart_h	07:5462	11:4BAF	2	0404	SEARCH
ViridianMart_h	07:5462	12:5118	2	0602	SEARCH
ViridianMart_h	07:5462	1B:5E39	2	1818	SEARCH
ViridianMart_h	07:5462	04:67B9	0	8686	SEARCH
ViridianMart_h	07:5462	06:45C2	0	2714	SEARCH
ViridianMart_h	07:5462	1E:4CC3	0	1F1B	SEARCH
ViridianSchoolHouse_h	07:5540	07:5540	5	41EE	MANIFEST+SEARCH
ViridianSchoolHouse_h	07:5540	06:5B34	5	5BFB	SEARCH
ViridianSchoolHouse_h	07:5540	06:5C0B	5	5C44	SEARCH
ViridianSchoolHouse_h	07:5540	07:557D	5	41DE	SEARCH
ViridianSchoolHouse_h	07:5540	07:55E7	5	41DE	SEARCH
ViridianSchoolHouse_h	07:5540	07:563C	5	41DE	SEARCH
ViridianSchoolHouse_h	07:5540	07:5679	5	41FE	SEARCH
ViridianSchoolHouse_h	07:5540	07:56EA	5	41DE	SEARCH
ViridianSchoolHouse_h	07:5540	07:589D	5	41DE	SEARCH
ViridianSchoolHouse_h	07:5540	07:59A3	5	41DE	SEARCH
ViridianSchoolHouse_h	07:5540	07:5A07	5	41DE	SEARCH
ViridianSchoolHouse_h	07:5540	07:5AF1	5	41DE	SEARCH
ViridianSchoolHouse_h	07:5540	07:5D2F	5	41EE	SEARCH
ViridianSchoolHouse_h	07:5540	07:5DD2	5	41DE	SEARCH
ViridianSchoolHouse_h	07:5540	07:5E31	5	41DE	SEARCH
ViridianSchoolHouse_h	07:5540	07:5EE2	5	41DE	SEARCH
ViridianSchoolHouse_h	07:5540	07:65ED	5	41DE	SEARCH
ViridianSchoolHouse_h	07:5540	15:6064	5	522F	SEARCH
ViridianSchoolHouse_h	07:5540	15:6243	5	522F	SEARCH
ViridianSchoolHouse_h	07:5540	15:6473	5	522F	SEARCH
ViridianSchoolHouse_h	07:5540	1D:5086	5	4020	SEARCH
ViridianNicknameHouse_h	07:557D	07:557D	5	41DE	MANIFEST+SEARCH
ViridianNicknameHouse_h	07:557D	06:5B34	5	5BFB	SEARCH
ViridianNicknameHouse_h	07:557D	06:5C0B	5	5C44	SEARCH
ViridianNicknameHouse_h	07:557D	07:5540	5	41EE	SEARCH
ViridianNicknameHouse_h	07:557D	07:55E7	5	41DE	SEARCH
ViridianNicknameHouse_h	07:557D	07:563C	5	41DE	SEARCH
ViridianNicknameHouse_h	07:557D	07:5679	5	41FE	SEARCH
ViridianNicknameHouse_h	07:557D	07:56EA	5	41DE	SEARCH
ViridianNicknameHouse_h	07:557D	07:589D	5	41DE	SEARCH
ViridianNicknameHouse_h	07:557D	07:59A3	5	41DE	SEARCH
ViridianNicknameHouse_h	07:557D	07:5A07	5	41DE	SEARCH
ViridianNicknameHouse_h	07:557D	07:5AF1	5	41DE	SEARCH
ViridianNicknameHouse_h	07:557D	07:5D2F	5	41EE	SEARCH
ViridianNicknameHouse_h	07:557D	07:5DD2	5	41DE	SEARCH
ViridianNicknameHouse_h	07:557D	07:5E31	5	41DE	SEARCH
ViridianNicknameHouse_h	07:557D	07:5EE2	5	41DE	SEARCH
ViridianNicknameHouse_h	07:557D	07:65ED	5	41DE	SEARCH
ViridianNicknameHouse_h	07:557D	15:6064	5	522F	SEARCH
ViridianNicknameHouse_h	07:557D	15:6243	5	522F	SEARCH
ViridianNicknameHouse_h	07:557D	15:6473	5	522F	SEARCH
ViridianNicknameHouse_h	07:557D	1D:5086	5	4020	SEARCH
PewterNidoranHouse_h	07:55E7	07:55E7	5	41DE	MANIFEST+SEARCH
PewterNidoranHouse_h	07:55E7	06:5B34	5	5BFB	SEARCH
PewterNidoranHouse_h	07:55E7	06:5C0B	5	5C44	SEARCH
PewterNidoranHouse_h	07:55E7	07:5540	5	41EE	SEARCH
PewterNidoranHouse_h	07:55E7	07:557D	5	41DE	SEARCH
PewterNidoranHouse_h	07:55E7	07:563C	5	41DE	SEARCH
PewterNidoranHouse_h	07:55E7	07:5679	5	41FE	SEARCH
PewterNidoranHouse_h	07:55E7	07:56EA	5	41DE	SEARCH
PewterNidoranHouse_h	07:55E7	07:589D	5	41DE	SEARCH
PewterNidoranHouse_h	07:55E7	07:59A3	5	41DE	SEARCH
PewterNidoranHouse_h	07:55E7	07:5A07	5	41DE	SEARCH
PewterNidoranHouse_h	07:55E7	07:5AF1	5	41DE	SEARCH
PewterNidoranHouse_h	07:55E7	07:5D2F	5	41EE	SEARCH
PewterNidoranHouse_h	07:55E7	07:5DD2	5	41DE	SEARCH
PewterNidoranHouse_h	07:55E7	07:5E31	5	41DE	SEARCH
PewterNidoranHouse_h	07:55E7	07:5EE2	5	41DE	SEARCH
PewterNidoranHouse_h	07:55E7	07:65ED	5	41DE	SEARCH
PewterNidoranHouse_h	07:55E7	15:6064	5	522F	SEARCH
PewterNidoranHouse_h	07:55E7	15:6243	5	522F	SEARCH
PewterNidoranHouse_h	07:55E7	15:6473	5	522F	SEARCH
PewterNidoranHouse_h	07:55E7	1D:5086	5	4020	SEARCH
PewterSpeechHouse_h	07:563C	07:563C	5	41DE	MANIFEST+SEARCH
PewterSpeechHouse_h	07:563C	06:5B34	5	5BFB	SEARCH
PewterSpeechHouse_h	07:563C	06:5C0B	5	5C44	SEARCH
PewterSpeechHouse_h	07:563C	07:5540	5	41EE	SEARCH
PewterSpeechHouse_h	07:563C	07:557D	5	41DE	SEARCH
PewterSpeechHouse_h	07:563C	07:55E7	5	41DE	SEARCH
PewterSpeechHouse_h	07:563C	07:5679	5	41FE	SEARCH
PewterSpeechHouse_h	07:563C	07:56EA	5	41DE	SEARCH
PewterSpeechHouse_h	07:563C	07:589D	5	41DE	SEARCH
PewterSpeechHouse_h	07:563C	07:59A3	5	41DE	SEARCH
PewterSpeechHouse_h	07:563C	07:5A07	5	41DE	SEARCH
PewterSpeechHouse_h	07:563C	07:5AF1	5	41DE	SEARCH
PewterSpeechHouse_h	07:563C	07:5D2F	5	41EE	SEARCH
PewterSpeechHouse_h	07:563C	07:5DD2	5	41DE	SEARCH
PewterSpeechHouse_h	07:563C	07:5E31	5	41DE	SEARCH
PewterSpeechHouse_h	07:563C	07:5EE2	5	41DE	SEARCH
PewterSpeechHouse_h	07:563C	07:65ED	5	41DE	SEARCH
PewterSpeechHouse_h	07:563C	15:6064	5	522F	SEARCH
PewterSpeechHouse_h	07:563C	15:6243	5	522F	SEARCH
PewterSpeechHouse_h	07:563C	15:6473	5	522F	SEARCH
PewterSpeechHouse_h	07:563C	1D:5086	5	4020	SEARCH
CeruleanTrashedHouse_h	07:5679	07:5679	5	41FE	MANIFEST+SEARCH
CeruleanTrashedHouse_h	07:5679	06:5B34	5	5BFB	SEARCH
CeruleanTrashedHouse_h	07:5679	06:5C0B	5	5C44	SEARCH
CeruleanTrashedHouse_h	07:5679	07:5540	5	41EE	SEARCH
CeruleanTrashedHouse_h	07:5679	07:557D	5	41DE	SEARCH
CeruleanTrashedHouse_h	07:5679	07:55E7	5	41DE	SEARCH
CeruleanTrashedHouse_h	07:5679	07:563C	5	41DE	SEARCH
CeruleanTrashedHouse_h	07:5679	07:56EA	5	41DE	SEARCH
CeruleanTrashedHouse_h	07:5679	07:589D	5	41DE	SEARCH
CeruleanTrashedHouse_h	07:5679	07:59A3	5	41DE	SEARCH
CeruleanTrashedHouse_h	07:5679	07:5A07	5	41DE	SEARCH
CeruleanTrashedHouse_h	07:5679	07:5AF1	5	41DE	SEARCH
CeruleanTrashedHouse_h	07:5679	07:5D2F	5	41EE	SEARCH
CeruleanTrashedHouse_h	07:5679	07:5DD2	5	41DE	SEARCH
CeruleanTrashedHouse_h	07:5679	07:5E31	5	41DE	SEARCH
CeruleanTrashedHouse_h	07:5679	07:5EE2	5	41DE	SEARCH
CeruleanTrashedHouse_h	07:5679	07:65ED	5	41DE	SEARCH
CeruleanTrashedHouse_h	07:5679	15:6064	5	522F	SEARCH
CeruleanTrashedHouse_h	07:5679	15:6243	5	522F	SEARCH
CeruleanTrashedHouse_h	07:5679	15:6473	5	522F	SEARCH
CeruleanTrashedHouse_h	07:5679	1D:5086	5	4020	SEARCH
CeruleanTradeHouse_h	07:56EA	07:56EA	5	41DE	MANIFEST+SEARCH
CeruleanTradeHouse_h	07:56EA	06:5B34	5	5BFB	SEARCH
CeruleanTradeHouse_h	07:56EA	06:5C0B	5	5C44	SEARCH
CeruleanTradeHouse_h	07:56EA	07:5540	5	41EE	SEARCH
CeruleanTradeHouse_h	07:56EA	07:557D	5	41DE	SEARCH
CeruleanTradeHouse_h	07:56EA	07:55E7	5	41DE	SEARCH
CeruleanTradeHouse_h	07:56EA	07:563C	5	41DE	SEARCH
CeruleanTradeHouse_h	07:56EA	07:5679	5	41FE	SEARCH
CeruleanTradeHouse_h	07:56EA	07:589D	5	41DE	SEARCH
CeruleanTradeHouse_h	07:56EA	07:59A3	5	41DE	SEARCH
CeruleanTradeHouse_h	07:56EA	07:5A07	5	41DE	SEARCH
CeruleanTradeHouse_h	07:56EA	07:5AF1	5	41DE	SEARCH
CeruleanTradeHouse_h	07:56EA	07:5D2F	5	41EE	SEARCH
CeruleanTradeHouse_h	07:56EA	07:5DD2	5	41DE	SEARCH
CeruleanTradeHouse_h	07:56EA	07:5E31	5	41DE	SEARCH
CeruleanTradeHouse_h	07:56EA	07:5EE2	5	41DE	SEARCH
CeruleanTradeHouse_h	07:56EA	07:65ED	5	41DE	SEARCH
CeruleanTradeHouse_h	07:56EA	15:6064	5	522F	SEARCH
CeruleanTradeHouse_h	07:56EA	15:6243	5	522F	SEARCH
CeruleanTradeHouse_h	07:56EA	15:6473	5	522F	SEARCH
CeruleanTradeHouse_h	07:56EA	1D:5086	5	4020	SEARCH
BikeShop_h	07:5730	07:5730	5	588D	MANIFEST+SEARCH
MrFujisHouse_h	07:589C	06:5B34	5	5BFB	SEARCH
MrFujisHouse_h	07:589C	06:5C0B	5	5C44	SEARCH
MrFujisHouse_h	07:589C	07:5540	5	41EE	SEARCH
MrFujisHouse_h	07:589C	07:557D	5	41DE	SEARCH
MrFujisHouse_h	07:589C	07:55E7	5	41DE	SEARCH
MrFujisHouse_h	07:589C	07:563C	5	41DE	SEARCH
MrFujisHouse_h	07:589C	07:5679	5	41FE	SEARCH
MrFujisHouse_h	07:589C	07:56EA	5	41DE	SEARCH
MrFujisHouse_h	07:589C	07:589D	5	41DE	SEARCH
MrFujisHouse_h	07:589C	07:59A3	5	41DE	SEARCH
MrFujisHouse_h	07:589C	07:5A07	5	41DE	SEARCH
MrFujisHouse_h	07:589C	07:5AF1	5	41DE	SEARCH
MrFujisHouse_h	07:589C	07:5D2F	5	41EE	SEARCH
MrFujisHouse_h	07:589C	07:5DD2	5	41DE	SEARCH
MrFujisHouse_h	07:589C	07:5E31	5	41DE	SEARCH
MrFujisHouse_h	07:589C	07:5EE2	5	41DE	SEARCH
MrFujisHouse_h	07:589C	07:65ED	5	41DE	SEARCH
MrFujisHouse_h	07:589C	15:6064	5	522F	SEARCH
MrFujisHouse_h	07:589C	15:6243	5	522F	SEARCH
MrFujisHouse_h	07:589C	15:6473	5	522F	SEARCH
MrFujisHouse_h	07:589C	1D:5086	5	4020	SEARCH
LavenderCuboneHouse_h	07:59A2	06:5B34	5	5BFB	SEARCH
LavenderCuboneHouse_h	07:59A2	06:5C0B	5	5C44	SEARCH
LavenderCuboneHouse_h	07:59A2	07:5540	5	41EE	SEARCH
LavenderCuboneHouse_h	07:59A2	07:557D	5	41DE	SEARCH
LavenderCuboneHouse_h	07:59A2	07:55E7	5	41DE	SEARCH
LavenderCuboneHouse_h	07:59A2	07:563C	5	41DE	SEARCH
LavenderCuboneHouse_h	07:59A2	07:5679	5	41FE	SEARCH
LavenderCuboneHouse_h	07:59A2	07:56EA	5	41DE	SEARCH
LavenderCuboneHouse_h	07:59A2	07:589D	5	41DE	SEARCH
LavenderCuboneHouse_h	07:59A2	07:59A3	5	41DE	SEARCH
LavenderCuboneHouse_h	07:59A2	07:5A07	5	41DE	SEARCH
LavenderCuboneHouse_h	07:59A2	07:5AF1	5	41DE	SEARCH
LavenderCuboneHouse_h	07:59A2	07:5D2F	5	41EE	SEARCH
LavenderCuboneHouse_h	07:59A2	07:5DD2	5	41DE	SEARCH
LavenderCuboneHouse_h	07:59A2	07:5E31	5	41DE	SEARCH
LavenderCuboneHouse_h	07:59A2	07:5EE2	5	41DE	SEARCH
LavenderCuboneHouse_h	07:59A2	07:65ED	5	41DE	SEARCH
LavenderCuboneHouse_h	07:59A2	15:6064	5	522F	SEARCH
LavenderCuboneHouse_h	07:59A2	15:6243	5	522F	SEARCH
LavenderCuboneHouse_h	07:59A2	15:6473	5	522F	SEARCH
LavenderCuboneHouse_h	07:59A2	1D:5086	5	4020	SEARCH
NameRatersHouse_h	07:5A06	06:5B34	5	5BFB	SEARCH
NameRatersHouse_h	07:5A06	06:5C0B	5	5C44	SEARCH
NameRatersHouse_h	07:5A06	07:5540	5	41EE	SEARCH
NameRatersHouse_h	07:5A06	07:557D	5	41DE	SEARCH
NameRatersHouse_h	07:5A06	07:55E7	5	41DE	SEARCH
NameRatersHouse_h	07:5A06	07:563C	5	41DE	SEARCH
NameRatersHouse_h	07:5A06	07:5679	5	41FE	SEARCH
NameRatersHouse_h	07:5A06	07:56EA	5	41DE	SEARCH
NameRatersHouse_h	07:5A06	07:589D	5	41DE	SEARCH
NameRatersHouse_h	07:5A06	07:59A3	5	41DE	SEARCH
NameRatersHouse_h	07:5A06	07:5A07	5	41DE	SEARCH
NameRatersHouse_h	07:5A06	07:5AF1	5	41DE	SEARCH
NameRatersHouse_h	07:5A06	07:5D2F	5	41EE	SEARCH
NameRatersHouse_h	07:5A06	07:5DD2	5	41DE	SEARCH
NameRatersHouse_h	07:5A06	07:5E31	5	41DE	SEARCH
NameRatersHouse_h	07:5A06	07:5EE2	5	41DE	SEARCH
NameRatersHouse_h	07:5A06	07:65ED	5	41DE	SEARCH
NameRatersHouse_h	07:5A06	15:6064	5	522F	SEARCH
NameRatersHouse_h	07:5A06	15:6243	5	522F	SEARCH
NameRatersHouse_h	07:5A06	15:6473	5	522F	SEARCH
NameRatersHouse_h	07:5A06	1D:5086	5	4020	SEARCH
VermilionPidgeyHouse_h	07:5AF0	06:5B34	5	5BFB	SEARCH
VermilionPidgeyHouse_h	07:5AF0	06:5C0B	5	5C44	SEARCH
VermilionPidgeyHouse_h	07:5AF0	07:5540	5	41EE	SEARCH
VermilionPidgeyHouse_h	07:5AF0	07:557D	5	41DE	SEARCH
VermilionPidgeyHouse_h	07:5AF0	07:55E7	5	41DE	SEARCH
VermilionPidgeyHouse_h	07:5AF0	07:563C	5	41DE	SEARCH
VermilionPidgeyHouse_h	07:5AF0	07:5679	5	41FE	SEARCH
VermilionPidgeyHouse_h	07:5AF0	07:56EA	5	41DE	SEARCH
VermilionPidgeyHouse_h	07:5AF0	07:589D	5	41DE	SEARCH
VermilionPidgeyHouse_h	07:5AF0	07:59A3	5	41DE	SEARCH
VermilionPidgeyHouse_h	07:5AF0	07:5A07	5	41DE	SEARCH
VermilionPidgeyHouse_h	07:5AF0	07:5AF1	5	41DE	SEARCH
VermilionPidgeyHouse_h	07:5AF0	07:5D2F	5	41EE	SEARCH
VermilionPidgeyHouse_h	07:5AF0	07:5DD2	5	41DE	SEARCH
VermilionPidgeyHouse_h	07:5AF0	07:5E31	5	41DE	SEARCH
VermilionPidgeyHouse_h	07:5AF0	07:5EE2	5	41DE	SEARCH
VermilionPidgeyHouse_h	07:5AF0	07:65ED	5	41DE	SEARCH
VermilionPidgeyHouse_h	07:5AF0	15:6064	5	522F	SEARCH
VermilionPidgeyHouse_h	07:5AF0	15:6243	5	522F	SEARCH
VermilionPidgeyHouse_h	07:5AF0	15:6473	5	522F	SEARCH
VermilionPidgeyHouse_h	07:5AF0	1D:5086	5	4020	SEARCH
VermilionDock_h	07:5B46	07:5B47	5	5CDB	SEARCH
VermilionDock_h	07:5B46	11:44BD	3	4846	SEARCH
VermilionDock_h	07:5B46	07:64A5	2	0606	SEARCH
VermilionDock_h	07:5B46	07:6567	2	0E0E	SEARCH
CeladonMansionRoofHouse_h	07:5D2E	06:5B34	5	5BFB	SEARCH
CeladonMansionRoofHouse_h	07:5D2E	06:5C0B	5	5C44	SEARCH
CeladonMansionRoofHouse_h	07:5D2E	07:5540	5	41EE	SEARCH
CeladonMansionRoofHouse_h	07:5D2E	07:557D	5	41DE	SEARCH
CeladonMansionRoofHouse_h	07:5D2E	07:55E7	5	41DE	SEARCH
CeladonMansionRoofHouse_h	07:5D2E	07:563C	5	41DE	SEARCH
CeladonMansionRoofHouse_h	07:5D2E	07:5679	5	41FE	SEARCH
CeladonMansionRoofHouse_h	07:5D2E	07:56EA	5	41DE	SEARCH
CeladonMansionRoofHouse_h	07:5D2E	07:589D	5	41DE	SEARCH
CeladonMansionRoofHouse_h	07:5D2E	07:59A3	5	41DE	SEARCH
CeladonMansionRoofHouse_h	07:5D2E	07:5A07	5	41DE	SEARCH
CeladonMansionRoofHouse_h	07:5D2E	07:5AF1	5	41DE	SEARCH
CeladonMansionRoofHouse_h	07:5D2E	07:5D2F	5	41EE	SEARCH
CeladonMansionRoofHouse_h	07:5D2E	07:5DD2	5	41DE	SEARCH
CeladonMansionRoofHouse_h	07:5D2E	07:5E31	5	41DE	SEARCH
CeladonMansionRoofHouse_h	07:5D2E	07:5EE2	5	41DE	SEARCH
CeladonMansionRoofHouse_h	07:5D2E	07:65ED	5	41DE	SEARCH
CeladonMansionRoofHouse_h	07:5D2E	15:6064	5	522F	SEARCH
CeladonMansionRoofHouse_h	07:5D2E	15:6243	5	522F	SEARCH
CeladonMansionRoofHouse_h	07:5D2E	15:6473	5	522F	SEARCH
CeladonMansionRoofHouse_h	07:5D2E	1D:5086	5	4020	SEARCH
FuchsiaMart_h	07:5D7C	07:5462	5	5530	SEARCH
FuchsiaMart_h	07:5D7C	07:5D7D	5	5DC2	SEARCH
FuchsiaMart_h	07:5D7C	17:4887	5	4000	SEARCH
FuchsiaMart_h	07:5D7C	17:491E	5	4000	SEARCH
FuchsiaMart_h	07:5D7C	17:49D3	5	4000	SEARCH
FuchsiaMart_h	07:5D7C	17:53F9	5	4000	SEARCH
FuchsiaMart_h	07:5D7C	1D:4D1B	5	4010	SEARCH
FuchsiaMart_h	07:5D7C	1D:5EE9	5	4010	SEARCH
FuchsiaMart_h	07:5D7C	10:6346	3	5450	SEARCH
FuchsiaMart_h	07:5D7C	04:6399	2	0606	SEARCH
FuchsiaMart_h	07:5D7C	11:4BAF	2	0404	SEARCH
FuchsiaMart_h	07:5D7C	12:5118	2	0602	SEARCH
FuchsiaMart_h	07:5D7C	1B:5E39	2	1818	SEARCH
FuchsiaMart_h	07:5D7C	04:67B9	0	8686	SEARCH
FuchsiaMart_h	07:5D7C	06:45C2	0	2714	SEARCH
FuchsiaMart_h	07:5D7C	1E:4CC3	0	1F1B	SEARCH
SaffronPidgeyHouse_h	07:5DD1	06:5B34	5	5BFB	SEARCH
SaffronPidgeyHouse_h	07:5DD1	06:5C0B	5	5C44	SEARCH
SaffronPidgeyHouse_h	07:5DD1	07:5540	5	41EE	SEARCH
SaffronPidgeyHouse_h	07:5DD1	07:557D	5	41DE	SEARCH
SaffronPidgeyHouse_h	07:5DD1	07:55E7	5	41DE	SEARCH
SaffronPidgeyHouse_h	07:5DD1	07:563C	5	41DE	SEARCH
SaffronPidgeyHouse_h	07:5DD1	07:5679	5	41FE	SEARCH
SaffronPidgeyHouse_h	07:5DD1	07:56EA	5	41DE	SEARCH
SaffronPidgeyHouse_h	07:5DD1	07:589D	5	41DE	SEARCH
SaffronPidgeyHouse_h	07:5DD1	07:59A3	5	41DE	SEARCH
SaffronPidgeyHouse_h	07:5DD1	07:5A07	5	41DE	SEARCH
SaffronPidgeyHouse_h	07:5DD1	07:5AF1	5	41DE	SEARCH
SaffronPidgeyHouse_h	07:5DD1	07:5D2F	5	41EE	SEARCH
SaffronPidgeyHouse_h	07:5DD1	07:5DD2	5	41DE	SEARCH
SaffronPidgeyHouse_h	07:5DD1	07:5E31	5	41DE	SEARCH
SaffronPidgeyHouse_h	07:5DD1	07:5EE2	5	41DE	SEARCH
SaffronPidgeyHouse_h	07:5DD1	07:65ED	5	41DE	SEARCH
SaffronPidgeyHouse_h	07:5DD1	15:6064	5	522F	SEARCH
SaffronPidgeyHouse_h	07:5DD1	15:6243	5	522F	SEARCH
SaffronPidgeyHouse_h	07:5DD1	15:6473	5	522F	SEARCH
SaffronPidgeyHouse_h	07:5DD1	1D:5086	5	4020	SEARCH
MrPsychicsHouse_h	07:5E30	06:5B34	5	5BFB	SEARCH
MrPsychicsHouse_h	07:5E30	06:5C0B	5	5C44	SEARCH
MrPsychicsHouse_h	07:5E30	07:5540	5	41EE	SEARCH
MrPsychicsHouse_h	07:5E30	07:557D	5	41DE	SEARCH
MrPsychicsHouse_h	07:5E30	07:55E7	5	41DE	SEARCH
MrPsychicsHouse_h	07:5E30	07:563C	5	41DE	SEARCH
MrPsychicsHouse_h	07:5E30	07:5679	5	41FE	SEARCH
MrPsychicsHouse_h	07:5E30	07:56EA	5	41DE	SEARCH
MrPsychicsHouse_h	07:5E30	07:589D	5	41DE	SEARCH
MrPsychicsHouse_h	07:5E30	07:59A3	5	41DE	SEARCH
MrPsychicsHouse_h	07:5E30	07:5A07	5	41DE	SEARCH
MrPsychicsHouse_h	07:5E30	07:5AF1	5	41DE	SEARCH
MrPsychicsHouse_h	07:5E30	07:5D2F	5	41EE	SEARCH
MrPsychicsHouse_h	07:5E30	07:5DD2	5	41DE	SEARCH
MrPsychicsHouse_h	07:5E30	07:5E31	5	41DE	SEARCH
MrPsychicsHouse_h	07:5E30	07:5EE2	5	41DE	SEARCH
MrPsychicsHouse_h	07:5E30	07:65ED	5	41DE	SEARCH
MrPsychicsHouse_h	07:5E30	15:6064	5	522F	SEARCH
MrPsychicsHouse_h	07:5E30	15:6243	5	522F	SEARCH
MrPsychicsHouse_h	07:5E30	15:6473	5	522F	SEARCH
MrPsychicsHouse_h	07:5E30	1D:5086	5	4020	SEARCH
DiglettsCaveRoute2_h	07:5EA4	07:5EA5	5	420E	SEARCH
DiglettsCaveRoute2_h	07:5EA4	07:65AF	5	420E	SEARCH
DiglettsCaveRoute2_h	07:5EA4	1A:485E	2	0404	SEARCH
DiglettsCaveRoute2_h	07:5EA4	1A:486E	2	1111	SEARCH
DiglettsCaveRoute2_h	07:5EA4	19:65A7	0	0404	SEARCH
DiglettsCaveRoute2_h	07:5EA4	1A:4836	0	0404	SEARCH
DiglettsCaveRoute2_h	07:5EA4	1A:4840	0	1111	SEARCH
DiglettsCaveRoute2_h	07:5EA4	1A:487E	0	0404	SEARCH
DiglettsCaveRoute2_h	07:5EA4	1A:5CB6	0	0404	SEARCH
Route2TradeHouse_h	07:5EE1	06:5B34	5	5BFB	SEARCH
Route2TradeHouse_h	07:5EE1	06:5C0B	5	5C44	SEARCH
Route2TradeHouse_h	07:5EE1	07:5540	5	41EE	SEARCH
Route2TradeHouse_h	07:5EE1	07:557D	5	41DE	SEARCH
Route2TradeHouse_h	07:5EE1	07:55E7	5	41DE	SEARCH
Route2TradeHouse_h	07:5EE1	07:563C	5	41DE	SEARCH
Route2TradeHouse_h	07:5EE1	07:5679	5	41FE	SEARCH
Route2TradeHouse_h	07:5EE1	07:56EA	5	41DE	SEARCH
Route2TradeHouse_h	07:5EE1	07:589D	5	41DE	SEARCH
Route2TradeHouse_h	07:5EE1	07:59A3	5	41DE	SEARCH
Route2TradeHouse_h	07:5EE1	07:5A07	5	41DE	SEARCH
Route2TradeHouse_h	07:5EE1	07:5AF1	5	41DE	SEARCH
Route2TradeHouse_h	07:5EE1	07:5D2F	5	41EE	SEARCH
Route2TradeHouse_h	07:5EE1	07:5DD2	5	41DE	SEARCH
Route2TradeHouse_h	07:5EE1	07:5E31	5	41DE	SEARCH
Route2TradeHouse_h	07:5EE1	07:5EE2	5	41DE	SEARCH
Route2TradeHouse_h	07:5EE1	07:65ED	5	41DE	SEARCH
Route2TradeHouse_h	07:5EE1	15:6064	5	522F	SEARCH
Route2TradeHouse_h	07:5EE1	15:6243	5	522F	SEARCH
Route2TradeHouse_h	07:5EE1	15:6473	5	522F	SEARCH
Route2TradeHouse_h	07:5EE1	1D:5086	5	4020	SEARCH
Route5Gate_h	07:5F27	07:5F28	5	6026	SEARCH
Route5Gate_h	07:5F27	07:6032	5	60E9	SEARCH
Route5Gate_h	07:5F27	1D:523B	5	549F	SEARCH
Route5Gate_h	07:5F27	1B:7F41	2	0B0C	SEARCH
Route6Gate_h	07:6031	07:5F28	5	6026	SEARCH
Route6Gate_h	07:6031	07:6032	5	60E9	SEARCH
Route6Gate_h	07:6031	1D:523B	5	549F	SEARCH
Route6Gate_h	07:6031	1B:7F41	2	0B0C	SEARCH
Route7Gate_h	07:60F4	07:60F5	5	61B0	SEARCH
Route7Gate_h	07:60F4	07:61BC	5	6272	SEARCH
Route7Gate_h	07:60F4	05:77A9	0	0000	SEARCH
Route8Gate_h	07:61BB	07:60F5	5	61B0	SEARCH
Route8Gate_h	07:61BB	07:61BC	5	6272	SEARCH
Route8Gate_h	07:61BB	05:77A9	0	0000	SEARCH
UndergroundPathRoute8_h	07:627D	07:627E	5	41B0	SEARCH
UndergroundPathRoute8_h	07:627D	11:5CE1	5	40FB	SEARCH
UndergroundPathRoute8_h	07:627D	11:5D1E	5	40FB	SEARCH
UndergroundPathRoute8_h	07:627D	11:5D69	5	40FB	SEARCH
UndergroundPathRoute8_h	07:627D	11:5DB4	5	40FB	SEARCH
UndergroundPathRoute8_h	07:627D	12:544A	5	40DB	SEARCH
UndergroundPathRoute8_h	07:627D	12:5556	5	40DB	SEARCH
UndergroundPathRoute8_h	07:627D	12:5640	5	40DB	SEARCH
UndergroundPathRoute8_h	07:627D	12:5801	5	40DB	SEARCH
UndergroundPathRoute8_h	07:627D	12:596B	5	40DB	SEARCH
UndergroundPathRoute8_h	07:627D	17:5699	5	4080	SEARCH
UndergroundPathRoute8_h	07:627D	17:56DF	5	4080	SEARCH
UndergroundPathRoute8_h	07:627D	17:571C	5	4080	SEARCH
UndergroundPathRoute8_h	07:627D	17:5759	5	4080	SEARCH
UndergroundPathRoute8_h	07:627D	1E:486F	0	0808	SEARCH
PowerPlant_h	07:62BA	07:62BB	5	6447	SEARCH
DiglettsCaveRoute11_h	07:65AE	07:5EA5	5	420E	SEARCH
DiglettsCaveRoute11_h	07:65AE	07:65AF	5	420E	SEARCH
DiglettsCaveRoute11_h	07:65AE	1A:485E	2	0404	SEARCH
DiglettsCaveRoute11_h	07:65AE	1A:486E	2	1111	SEARCH
DiglettsCaveRoute11_h	07:65AE	19:65A7	0	0404	SEARCH
DiglettsCaveRoute11_h	07:65AE	1A:4836	0	0404	SEARCH
DiglettsCaveRoute11_h	07:65AE	1A:4840	0	1111	SEARCH
DiglettsCaveRoute11_h	07:65AE	1A:487E	0	0404	SEARCH
DiglettsCaveRoute11_h	07:65AE	1A:5CB6	0	0404	SEARCH
Route16FlyHouse_h	07:65EC	06:5B34	5	5BFB	SEARCH
Route16FlyHouse_h	07:65EC	06:5C0B	5	5C44	SEARCH
Route16FlyHouse_h	07:65EC	07:5540	5	41EE	SEARCH
Route16FlyHouse_h	07:65EC	07:557D	5	41DE	SEARCH
Route16FlyHouse_h	07:65EC	07:55E7	5	41DE	SEARCH
Route16FlyHouse_h	07:65EC	07:563C	5	41DE	SEARCH
Route16FlyHouse_h	07:65EC	07:5679	5	41FE	SEARCH
Route16FlyHouse_h	07:65EC	07:56EA	5	41DE	SEARCH
Route16FlyHouse_h	07:65EC	07:589D	5	41DE	SEARCH
Route16FlyHouse_h	07:65EC	07:59A3	5	41DE	SEARCH
Route16FlyHouse_h	07:65EC	07:5A07	5	41DE	SEARCH
Route16FlyHouse_h	07:65EC	07:5AF1	5	41DE	SEARCH
Route16FlyHouse_h	07:65EC	07:5D2F	5	41EE	SEARCH
Route16FlyHouse_h	07:65EC	07:5DD2	5	41DE	SEARCH
Route16FlyHouse_h	07:65EC	07:5E31	5	41DE	SEARCH
Route16FlyHouse_h	07:65EC	07:5EE2	5	41DE	SEARCH
Route16FlyHouse_h	07:65EC	07:65ED	5	41DE	SEARCH
Route16FlyHouse_h	07:65EC	15:6064	5	522F	SEARCH
Route16FlyHouse_h	07:65EC	15:6243	5	522F	SEARCH
Route16FlyHouse_h	07:65EC	15:6473	5	522F	SEARCH
Route16FlyHouse_h	07:65EC	1D:5086	5	4020	SEARCH
Route22Gate_h	07:6677	07:6678	5	674B	SEARCH
Route22Gate_h	07:6677	12:54FA	5	5542	SEARCH
Route22Gate_h	07:6677	17:55C4	5	4090	SEARCH
BillsHouse_h	07:675E	07:675F	5	6906	SEARCH
BillsHouse_h	07:675E	16:5B64	5	5CD5	SEARCH
BillsHouse_h	07:675E	19:7525	0	1F1F	SEARCH
LavenderTown_h	11:4000	11:4000	5	4085	MANIFEST+SEARCH
LavenderTown_h	11:4000	06:42A1	5	42FD	SEARCH
LavenderTown_h	11:4000	07:4000	5	4069	SEARCH
LavenderTown_h	11:4000	12:4000	5	4051	SEARCH
LavenderTown_h	11:4000	1D:5B4D	2	0707	SEARCH
ViridianPokecenter_h	11:4251	11:4251	5	40DF	MANIFEST+SEARCH
ViridianPokecenter_h	11:4251	12:48AC	5	40AB	SEARCH
ViridianPokecenter_h	11:4251	12:525F	5	52A9	SEARCH
ViridianPokecenter_h	11:4251	12:52C5	5	40AB	SEARCH
ViridianPokecenter_h	11:4251	12:53B0	5	40AB	SEARCH
ViridianPokecenter_h	11:4251	17:457B	5	4064	SEARCH
ViridianPokecenter_h	11:4251	17:4639	5	468B	SEARCH
ViridianPokecenter_h	11:4251	17:48CC	5	4064	SEARCH
ViridianPokecenter_h	11:4251	17:4981	5	4064	SEARCH
ViridianPokecenter_h	11:4251	17:5525	5	4064	SEARCH
ViridianPokecenter_h	11:4251	1D:50D1	5	4030	SEARCH
ViridianPokecenter_h	11:4251	1D:5E97	5	4030	SEARCH
PokemonMansion1F_h	11:42A3	11:42A3	5	43FE	MANIFEST+SEARCH
PokemonMansion1F_h	11:42A3	11:4BBE	5	4D49	SEARCH
PokemonMansion1F_h	11:42A3	11:4E1B	5	5147	SEARCH
PokemonMansion1F_h	11:42A3	11:5219	5	537F	SEARCH
PokemonMansion1F_h	11:42A3	14:5FCB	5	610F	SEARCH
PokemonMansion1F_h	11:42A3	14:63AC	5	64DC	SEARCH
RockTunnel1F_h	11:44D0	11:44D0	5	4675	MANIFEST+SEARCH
RockTunnel1F_h	11:44D0	11:5FDF	5	61A1	SEARCH
RockTunnel1F_h	11:44D0	12:59BE	5	5B99	SEARCH
RockTunnel1F_h	11:44D0	12:5D01	5	6043	SEARCH
RockTunnel1F_h	11:44D0	18:5F62	5	5F86	SEARCH
SeafoamIslands1F_h	11:47DD	11:47DD	5	489F	MANIFEST+SEARCH
SeafoamIslands1F_h	11:47DD	11:4974	5	4B37	SEARCH
SeafoamIslands1F_h	11:47DD	11:5DFF	5	5E5D	SEARCH
SeafoamIslands1F_h	11:47DD	11:5EE4	5	5F58	SEARCH
SeafoamIslands1F_h	11:47DD	11:6309	5	63BE	SEARCH
SeafoamIslands1F_h	11:47DD	11:6445	5	64FA	SEARCH
SeafoamIslands1F_h	11:47DD	11:6581	5	6706	SEARCH
SeafoamIslands1F_h	11:47DD	11:678D	5	68FA	SEARCH
SeafoamIslands1F_h	11:47DD	14:5790	5	59AE	SEARCH
SeafoamIslands1F_h	11:47DD	1D:4D7A	5	4DF0	SEARCH
SSAnne3F_h	11:4926	11:4926	5	4956	MANIFEST+SEARCH
VictoryRoad3F_h	11:4974	11:4974	5	4B37	MANIFEST+SEARCH
VictoryRoad3F_h	11:4974	11:47DD	5	489F	SEARCH
VictoryRoad3F_h	11:4974	11:5DFF	5	5E5D	SEARCH
VictoryRoad3F_h	11:4974	11:5EE4	5	5F58	SEARCH
VictoryRoad3F_h	11:4974	11:6309	5	63BE	SEARCH
VictoryRoad3F_h	11:4974	11:6445	5	64FA	SEARCH
VictoryRoad3F_h	11:4974	11:6581	5	6706	SEARCH
VictoryRoad3F_h	11:4974	11:678D	5	68FA	SEARCH
VictoryRoad3F_h	11:4974	14:5790	5	59AE	SEARCH
VictoryRoad3F_h	11:4974	1D:4D7A	5	4DF0	SEARCH
RocketHideoutB1F_h	11:4BBE	11:4BBE	5	4D49	MANIFEST+SEARCH
RocketHideoutB1F_h	11:4BBE	11:42A3	5	43FE	SEARCH
RocketHideoutB1F_h	11:4BBE	11:4E1B	5	5147	SEARCH
RocketHideoutB1F_h	11:4BBE	11:5219	5	537F	SEARCH
RocketHideoutB1F_h	11:4BBE	14:5FCB	5	610F	SEARCH
RocketHideoutB1F_h	11:4BBE	14:63AC	5	64DC	SEARCH
RocketHideoutB2F_h	11:4E1B	11:4E1B	5	5147	MANIFEST+SEARCH
RocketHideoutB2F_h	11:4E1B	11:42A3	5	43FE	SEARCH
RocketHideoutB2F_h	11:4E1B	11:4BBE	5	4D49	SEARCH
RocketHideoutB2F_h	11:4E1B	11:5219	5	537F	SEARCH
RocketHideoutB2F_h	11:4E1B	14:5FCB	5	610F	SEARCH
RocketHideoutB2F_h	11:4E1B	14:63AC	5	64DC	SEARCH
RocketHideoutB3F_h	11:5219	11:5219	5	537F	MANIFEST+SEARCH
RocketHideoutB3F_h	11:5219	11:42A3	5	43FE	SEARCH
RocketHideoutB3F_h	11:5219	11:4BBE	5	4D49	SEARCH
RocketHideoutB3F_h	11:5219	11:4E1B	5	5147	SEARCH
RocketHideoutB3F_h	11:5219	14:5FCB	5	610F	SEARCH
RocketHideoutB3F_h	11:5219	14:63AC	5	64DC	SEARCH
RocketHideoutB4F_h	11:5451	11:5451	5	5650	MANIFEST+SEARCH
RocketHideoutElevator_h	11:5704	11:5704	5	57A8	MANIFEST+SEARCH
SilphCoElevator_h	11:57B4	11:57B4	5	585B	MANIFEST+SEARCH
SilphCoElevator_h	11:57B4	12:45F4	5	4684	SEARCH
SafariZoneEast_h	11:585F	11:585F	5	58DC	MANIFEST+SEARCH
SafariZoneEast_h	11:585F	11:5BA6	5	5C1E	SEARCH
SafariZoneEast_h	11:585F	12:61AB	5	624A	SEARCH
SafariZoneEast_h	11:585F	15:4830	2	050B	SEARCH
SafariZoneNorth_h	11:599F	11:599F	5	5A3E	MANIFEST+SEARCH
SafariZoneCenter_h	11:5BA6	11:5BA6	5	5C1E	MANIFEST+SEARCH
SafariZoneCenter_h	11:5BA6	11:585F	5	58DC	SEARCH
SafariZoneCenter_h	11:5BA6	12:61AB	5	624A	SEARCH
SafariZoneCenter_h	11:5BA6	15:4830	2	050B	SEARCH
SafariZoneCenterRestHouse_h	11:5CE1	11:5CE1	5	40FB	MANIFEST+SEARCH
SafariZoneCenterRestHouse_h	11:5CE1	07:627E	5	41B0	SEARCH
SafariZoneCenterRestHouse_h	11:5CE1	11:5D1E	5	40FB	SEARCH
SafariZoneCenterRestHouse_h	11:5CE1	11:5D69	5	40FB	SEARCH
SafariZoneCenterRestHouse_h	11:5CE1	11:5DB4	5	40FB	SEARCH
SafariZoneCenterRestHouse_h	11:5CE1	12:544A	5	40DB	SEARCH
SafariZoneCenterRestHouse_h	11:5CE1	12:5556	5	40DB	SEARCH
SafariZoneCenterRestHouse_h	11:5CE1	12:5640	5	40DB	SEARCH
SafariZoneCenterRestHouse_h	11:5CE1	12:5801	5	40DB	SEARCH
SafariZoneCenterRestHouse_h	11:5CE1	12:596B	5	40DB	SEARCH
SafariZoneCenterRestHouse_h	11:5CE1	17:5699	5	4080	SEARCH
SafariZoneCenterRestHouse_h	11:5CE1	17:56DF	5	4080	SEARCH
SafariZoneCenterRestHouse_h	11:5CE1	17:571C	5	4080	SEARCH
SafariZoneCenterRestHouse_h	11:5CE1	17:5759	5	4080	SEARCH
SafariZoneCenterRestHouse_h	11:5CE1	1E:486F	0	0808	SEARCH
SafariZoneWestRestHouse_h	11:5D1E	11:5D1E	5	40FB	MANIFEST+SEARCH
SafariZoneWestRestHouse_h	11:5D1E	07:627E	5	41B0	SEARCH
SafariZoneWestRestHouse_h	11:5D1E	11:5CE1	5	40FB	SEARCH
SafariZoneWestRestHouse_h	11:5D1E	11:5D69	5	40FB	SEARCH
SafariZoneWestRestHouse_h	11:5D1E	11:5DB4	5	40FB	SEARCH
SafariZoneWestRestHouse_h	11:5D1E	12:544A	5	40DB	SEARCH
SafariZoneWestRestHouse_h	11:5D1E	12:5556	5	40DB	SEARCH
SafariZoneWestRestHouse_h	11:5D1E	12:5640	5	40DB	SEARCH
SafariZoneWestRestHouse_h	11:5D1E	12:5801	5	40DB	SEARCH
SafariZoneWestRestHouse_h	11:5D1E	12:596B	5	40DB	SEARCH
SafariZoneWestRestHouse_h	11:5D1E	17:5699	5	4080	SEARCH
SafariZoneWestRestHouse_h	11:5D1E	17:56DF	5	4080	SEARCH
SafariZoneWestRestHouse_h	11:5D1E	17:571C	5	4080	SEARCH
SafariZoneWestRestHouse_h	11:5D1E	17:5759	5	4080	SEARCH
SafariZoneWestRestHouse_h	11:5D1E	1E:486F	0	0808	SEARCH
SafariZoneEastRestHouse_h	11:5D69	11:5D69	5	40FB	MANIFEST+SEARCH
SafariZoneEastRestHouse_h	11:5D69	07:627E	5	41B0	SEARCH
SafariZoneEastRestHouse_h	11:5D69	11:5CE1	5	40FB	SEARCH
SafariZoneEastRestHouse_h	11:5D69	11:5D1E	5	40FB	SEARCH
SafariZoneEastRestHouse_h	11:5D69	11:5DB4	5	40FB	SEARCH
SafariZoneEastRestHouse_h	11:5D69	12:544A	5	40DB	SEARCH
SafariZoneEastRestHouse_h	11:5D69	12:5556	5	40DB	SEARCH
SafariZoneEastRestHouse_h	11:5D69	12:5640	5	40DB	SEARCH
SafariZoneEastRestHouse_h	11:5D69	12:5801	5	40DB	SEARCH
SafariZoneEastRestHouse_h	11:5D69	12:596B	5	40DB	SEARCH
SafariZoneEastRestHouse_h	11:5D69	17:5699	5	4080	SEARCH
SafariZoneEastRestHouse_h	11:5D69	17:56DF	5	4080	SEARCH
SafariZoneEastRestHouse_h	11:5D69	17:571C	5	4080	SEARCH
SafariZoneEastRestHouse_h	11:5D69	17:5759	5	4080	SEARCH
SafariZoneEastRestHouse_h	11:5D69	1E:486F	0	0808	SEARCH
SafariZoneNorthRestHouse_h	11:5DB4	11:5DB4	5	40FB	MANIFEST+SEARCH
SafariZoneNorthRestHouse_h	11:5DB4	07:627E	5	41B0	SEARCH
SafariZoneNorthRestHouse_h	11:5DB4	11:5CE1	5	40FB	SEARCH
SafariZoneNorthRestHouse_h	11:5DB4	11:5D1E	5	40FB	SEARCH
SafariZoneNorthRestHouse_h	11:5DB4	11:5D69	5	40FB	SEARCH
SafariZoneNorthRestHouse_h	11:5DB4	12:544A	5	40DB	SEARCH
SafariZoneNorthRestHouse_h	11:5DB4	12:5556	5	40DB	SEARCH
SafariZoneNorthRestHouse_h	11:5DB4	12:5640	5	40DB	SEARCH
SafariZoneNorthRestHouse_h	11:5DB4	12:5801	5	40DB	SEARCH
SafariZoneNorthRestHouse_h	11:5DB4	12:596B	5	40DB	SEARCH
SafariZoneNorthRestHouse_h	11:5DB4	17:5699	5	4080	SEARCH
SafariZoneNorthRestHouse_h	11:5DB4	17:56DF	5	4080	SEARCH
SafariZoneNorthRestHouse_h	11:5DB4	17:571C	5	4080	SEARCH
SafariZoneNorthRestHouse_h	11:5DB4	17:5759	5	4080	SEARCH
SafariZoneNorthRestHouse_h	11:5DB4	1E:486F	0	0808	SEARCH
CeruleanCave2F_h	11:5DFF	11:5DFF	5	5E5D	MANIFEST+SEARCH
CeruleanCave2F_h	11:5DFF	11:47DD	5	489F	SEARCH
CeruleanCave2F_h	11:5DFF	11:4974	5	4B37	SEARCH
CeruleanCave2F_h	11:5DFF	11:5EE4	5	5F58	SEARCH
CeruleanCave2F_h	11:5DFF	11:6309	5	63BE	SEARCH
CeruleanCave2F_h	11:5DFF	11:6445	5	64FA	SEARCH
CeruleanCave2F_h	11:5DFF	11:6581	5	6706	SEARCH
CeruleanCave2F_h	11:5DFF	11:678D	5	68FA	SEARCH
CeruleanCave2F_h	11:5DFF	14:5790	5	59AE	SEARCH
CeruleanCave2F_h	11:5DFF	1D:4D7A	5	4DF0	SEARCH
CeruleanCaveB1F_h	11:5EE4	11:5EE4	5	5F58	MANIFEST+SEARCH
CeruleanCaveB1F_h	11:5EE4	11:47DD	5	489F	SEARCH
CeruleanCaveB1F_h	11:5EE4	11:4974	5	4B37	SEARCH
CeruleanCaveB1F_h	11:5EE4	11:5DFF	5	5E5D	SEARCH
CeruleanCaveB1F_h	11:5EE4	11:6309	5	63BE	SEARCH
CeruleanCaveB1F_h	11:5EE4	11:6445	5	64FA	SEARCH
CeruleanCaveB1F_h	11:5EE4	11:6581	5	6706	SEARCH
CeruleanCaveB1F_h	11:5EE4	11:678D	5	68FA	SEARCH
CeruleanCaveB1F_h	11:5EE4	14:5790	5	59AE	SEARCH
CeruleanCaveB1F_h	11:5EE4	1D:4D7A	5	4DF0	SEARCH
RockTunnelB1F_h	11:5FDF	11:5FDF	5	61A1	MANIFEST+SEARCH
RockTunnelB1F_h	11:5FDF	11:44D0	5	4675	SEARCH
RockTunnelB1F_h	11:5FDF	12:59BE	5	5B99	SEARCH
RockTunnelB1F_h	11:5FDF	12:5D01	5	6043	SEARCH
RockTunnelB1F_h	11:5FDF	18:5F62	5	5F86	SEARCH
SeafoamIslandsB1F_h	11:6309	11:6309	5	63BE	MANIFEST+SEARCH
SeafoamIslandsB1F_h	11:6309	11:47DD	5	489F	SEARCH
SeafoamIslandsB1F_h	11:6309	11:4974	5	4B37	SEARCH
SeafoamIslandsB1F_h	11:6309	11:5DFF	5	5E5D	SEARCH
SeafoamIslandsB1F_h	11:6309	11:5EE4	5	5F58	SEARCH
SeafoamIslandsB1F_h	11:6309	11:6445	5	64FA	SEARCH
SeafoamIslandsB1F_h	11:6309	11:6581	5	6706	SEARCH
SeafoamIslandsB1F_h	11:6309	11:678D	5	68FA	SEARCH
SeafoamIslandsB1F_h	11:6309	14:5790	5	59AE	SEARCH
SeafoamIslandsB1F_h	11:6309	1D:4D7A	5	4DF0	SEARCH
SeafoamIslandsB2F_h	11:6445	11:6445	5	64FA	MANIFEST+SEARCH
SeafoamIslandsB2F_h	11:6445	11:47DD	5	489F	SEARCH
SeafoamIslandsB2F_h	11:6445	11:4974	5	4B37	SEARCH
SeafoamIslandsB2F_h	11:6445	11:5DFF	5	5E5D	SEARCH
SeafoamIslandsB2F_h	11:6445	11:5EE4	5	5F58	SEARCH
SeafoamIslandsB2F_h	11:6445	11:6309	5	63BE	SEARCH
SeafoamIslandsB2F_h	11:6445	11:6581	5	6706	SEARCH
SeafoamIslandsB2F_h	11:6445	11:678D	5	68FA	SEARCH
SeafoamIslandsB2F_h	11:6445	14:5790	5	59AE	SEARCH
SeafoamIslandsB2F_h	11:6445	1D:4D7A	5	4DF0	SEARCH
SeafoamIslandsB3F_h	11:6581	11:6581	5	6706	MANIFEST+SEARCH
SeafoamIslandsB3F_h	11:6581	11:47DD	5	489F	SEARCH
SeafoamIslandsB3F_h	11:6581	11:4974	5	4B37	SEARCH
SeafoamIslandsB3F_h	11:6581	11:5DFF	5	5E5D	SEARCH
SeafoamIslandsB3F_h	11:6581	11:5EE4	5	5F58	SEARCH
SeafoamIslandsB3F_h	11:6581	11:6309	5	63BE	SEARCH
SeafoamIslandsB3F_h	11:6581	11:6445	5	64FA	SEARCH
SeafoamIslandsB3F_h	11:6581	11:678D	5	68FA	SEARCH
SeafoamIslandsB3F_h	11:6581	14:5790	5	59AE	SEARCH
SeafoamIslandsB3F_h	11:6581	1D:4D7A	5	4DF0	SEARCH
SeafoamIslandsB4F_h	11:678D	11:678D	5	68FA	MANIFEST+SEARCH
SeafoamIslandsB4F_h	11:678D	11:47DD	5	489F	SEARCH
SeafoamIslandsB4F_h	11:678D	11:4974	5	4B37	SEARCH
SeafoamIslandsB4F_h	11:678D	11:5DFF	5	5E5D	SEARCH
SeafoamIslandsB4F_h	11:678D	11:5EE4	5	5F58	SEARCH
SeafoamIslandsB4F_h	11:678D	11:6309	5	63BE	SEARCH
SeafoamIslandsB4F_h	11:678D	11:6445	5	64FA	SEARCH
SeafoamIslandsB4F_h	11:678D	11:6581	5	6706	SEARCH
SeafoamIslandsB4F_h	11:678D	14:5790	5	59AE	SEARCH
SeafoamIslandsB4F_h	11:678D	1D:4D7A	5	4DF0	SEARCH
Route7_h	12:4000	12:4000	5	4051	MANIFEST+SEARCH
Route7_h	12:4000	06:42A1	5	42FD	SEARCH
Route7_h	12:4000	07:4000	5	4069	SEARCH
Route7_h	12:4000	11:4000	5	4085	SEARCH
Route7_h	12:4000	1D:5B4D	2	0707	SEARCH
RedsHouse1F_h	12:415C	12:415C	5	4209	MANIFEST+SEARCH
RedsHouse1F_h	12:415C	1D:5F2E	5	4000	SEARCH
RedsHouse1F_h	12:415C	19:5A37	2	0404	SEARCH
RedsHouse1F_h	12:415C	16:5F8F	0	173E	SEARCH
RedsHouse1F_h	12:415C	19:5327	0	0404	SEARCH
RedsHouse1F_h	12:415C	19:6577	0	0404	SEARCH
RedsHouse1F_h	12:415C	1A:5CF8	0	1101	SEARCH
RedsHouse1F_h	12:415C	1B:6A8F	0	0404	SEARCH
CeladonMart3F_h	12:4219	12:4219	5	4322	MANIFEST+SEARCH
CeladonMart3F_h	12:4219	12:434A	5	43A1	SEARCH
CeladonMart3F_h	12:4219	12:43C9	5	45CC	SEARCH
CeladonMart3F_h	12:4219	12:505F	5	50BE	SEARCH
CeladonMart3F_h	12:4219	15:60E9	5	6148	SEARCH
CeladonMart3F_h	12:4219	18:4F7A	5	4FDE	SEARCH
CeladonMart4F_h	12:434A	12:434A	5	43A1	MANIFEST+SEARCH
CeladonMart4F_h	12:434A	12:4219	5	4322	SEARCH
CeladonMart4F_h	12:434A	12:43C9	5	45CC	SEARCH
CeladonMart4F_h	12:434A	12:505F	5	50BE	SEARCH
CeladonMart4F_h	12:434A	15:60E9	5	6148	SEARCH
CeladonMart4F_h	12:434A	18:4F7A	5	4FDE	SEARCH
CeladonMartRoof_h	12:43C9	12:43C9	5	45CC	MANIFEST+SEARCH
CeladonMartRoof_h	12:43C9	12:4219	5	4322	SEARCH
CeladonMartRoof_h	12:43C9	12:434A	5	43A1	SEARCH
CeladonMartRoof_h	12:43C9	12:505F	5	50BE	SEARCH
CeladonMartRoof_h	12:43C9	15:60E9	5	6148	SEARCH
CeladonMartRoof_h	12:43C9	18:4F7A	5	4FDE	SEARCH
CeladonMartElevator_h	12:45F4	12:45F4	5	4684	MANIFEST+SEARCH
CeladonMartElevator_h	12:45F4	11:57B4	5	585B	SEARCH
CeladonMansion1F_h	12:4688	12:4688	5	4716	MANIFEST+SEARCH
CeladonMansion1F_h	12:4688	12:472E	5	476C	SEARCH
CeladonMansion1F_h	12:4688	12:4784	5	4847	SEARCH
CeladonMansion1F_h	12:4688	12:485F	5	4894	SEARCH
CeladonMansion1F_h	12:4688	18:5EC1	2	D3FF	SEARCH
CeladonMansion2F_h	12:472E	12:472E	5	476C	MANIFEST+SEARCH
CeladonMansion2F_h	12:472E	12:4688	5	4716	SEARCH
CeladonMansion2F_h	12:472E	12:4784	5	4847	SEARCH
CeladonMansion2F_h	12:472E	12:485F	5	4894	SEARCH
CeladonMansion2F_h	12:472E	18:5EC1	2	D3FF	SEARCH
CeladonMansion3F_h	12:4784	12:4784	5	4847	MANIFEST+SEARCH
CeladonMansion3F_h	12:4784	12:4688	5	4716	SEARCH
CeladonMansion3F_h	12:4784	12:472E	5	476C	SEARCH
CeladonMansion3F_h	12:4784	12:485F	5	4894	SEARCH
CeladonMansion3F_h	12:4784	18:5EC1	2	D3FF	SEARCH
CeladonMansionRoof_h	12:485F	12:485F	5	4894	MANIFEST+SEARCH
CeladonMansionRoof_h	12:485F	12:4688	5	4716	SEARCH
CeladonMansionRoof_h	12:485F	12:472E	5	476C	SEARCH
CeladonMansionRoof_h	12:485F	12:4784	5	4847	SEARCH
CeladonMansionRoof_h	12:485F	18:5EC1	2	D3FF	SEARCH
CeladonPokecenter_h	12:48AC	12:48AC	5	40AB	MANIFEST+SEARCH
CeladonPokecenter_h	12:48AC	11:4251	5	40DF	SEARCH
CeladonPokecenter_h	12:48AC	12:525F	5	52A9	SEARCH
CeladonPokecenter_h	12:48AC	12:52C5	5	40AB	SEARCH
CeladonPokecenter_h	12:48AC	12:53B0	5	40AB	SEARCH
CeladonPokecenter_h	12:48AC	17:457B	5	4064	SEARCH
CeladonPokecenter_h	12:48AC	17:4639	5	468B	SEARCH
CeladonPokecenter_h	12:48AC	17:48CC	5	4064	SEARCH
CeladonPokecenter_h	12:48AC	17:4981	5	4064	SEARCH
CeladonPokecenter_h	12:48AC	17:5525	5	4064	SEARCH
CeladonPokecenter_h	12:48AC	1D:50D1	5	4030	SEARCH
CeladonPokecenter_h	12:48AC	1D:5E97	5	4030	SEARCH
CeladonGym_h	12:48FE	12:48FE	5	4B83	MANIFEST+SEARCH
CeladonGym_h	12:48FE	17:4A18	5	4C33	SEARCH
CeladonGym_h	12:48FE	1D:54AB	5	5722	SEARCH
CeladonGym_h	12:48FE	11:4053	2	0708	SEARCH
GameCorner_h	12:4BB1	12:4BB0	5	5005	SEARCH
CeladonMart5F_h	12:505D	12:4219	5	4322	SEARCH
CeladonMart5F_h	12:505D	12:434A	5	43A1	SEARCH
CeladonMart5F_h	12:505D	12:43C9	5	45CC	SEARCH
CeladonMart5F_h	12:505D	12:505F	5	50BE	SEARCH
CeladonMart5F_h	12:505D	15:60E9	5	6148	SEARCH
CeladonMart5F_h	12:505D	18:4F7A	5	4FDE	SEARCH
GameCornerPrizeRoom_h	12:50E4	12:50E6	5	5133	SEARCH
GameCornerPrizeRoom_h	12:50E4	12:5147	5	51F0	SEARCH
CeladonDiner_h	12:5145	12:50E6	5	5133	SEARCH
CeladonDiner_h	12:5145	12:5147	5	51F0	SEARCH
CeladonChiefHouse_h	12:5202	12:5204	5	524F	SEARCH
CeladonHotel_h	12:525D	11:4251	5	40DF	SEARCH
CeladonHotel_h	12:525D	12:48AC	5	40AB	SEARCH
CeladonHotel_h	12:525D	12:525F	5	52A9	SEARCH
CeladonHotel_h	12:525D	12:52C5	5	40AB	SEARCH
CeladonHotel_h	12:525D	12:53B0	5	40AB	SEARCH
CeladonHotel_h	12:525D	17:457B	5	4064	SEARCH
CeladonHotel_h	12:525D	17:4639	5	468B	SEARCH
CeladonHotel_h	12:525D	17:48CC	5	4064	SEARCH
CeladonHotel_h	12:525D	17:4981	5	4064	SEARCH
CeladonHotel_h	12:525D	17:5525	5	4064	SEARCH
CeladonHotel_h	12:525D	1D:50D1	5	4030	SEARCH
CeladonHotel_h	12:525D	1D:5E97	5	4030	SEARCH
MtMoonPokecenter_h	12:52C3	11:4251	5	40DF	SEARCH
MtMoonPokecenter_h	12:52C3	12:48AC	5	40AB	SEARCH
MtMoonPokecenter_h	12:52C3	12:525F	5	52A9	SEARCH
MtMoonPokecenter_h	12:52C3	12:52C5	5	40AB	SEARCH
MtMoonPokecenter_h	12:52C3	12:53B0	5	40AB	SEARCH
MtMoonPokecenter_h	12:52C3	17:457B	5	4064	SEARCH
MtMoonPokecenter_h	12:52C3	17:4639	5	468B	SEARCH
MtMoonPokecenter_h	12:52C3	17:48CC	5	4064	SEARCH
MtMoonPokecenter_h	12:52C3	17:4981	5	4064	SEARCH
MtMoonPokecenter_h	12:52C3	17:5525	5	4064	SEARCH
MtMoonPokecenter_h	12:52C3	1D:50D1	5	4030	SEARCH
MtMoonPokecenter_h	12:52C3	1D:5E97	5	4030	SEARCH
RockTunnelPokecenter_h	12:53AE	11:4251	5	40DF	SEARCH
RockTunnelPokecenter_h	12:53AE	12:48AC	5	40AB	SEARCH
RockTunnelPokecenter_h	12:53AE	12:525F	5	52A9	SEARCH
RockTunnelPokecenter_h	12:53AE	12:52C5	5	40AB	SEARCH
RockTunnelPokecenter_h	12:53AE	12:53B0	5	40AB	SEARCH
RockTunnelPokecenter_h	12:53AE	17:457B	5	4064	SEARCH
RockTunnelPokecenter_h	12:53AE	17:4639	5	468B	SEARCH
RockTunnelPokecenter_h	12:53AE	17:48CC	5	4064	SEARCH
RockTunnelPokecenter_h	12:53AE	17:4981	5	4064	SEARCH
RockTunnelPokecenter_h	12:53AE	17:5525	5	4064	SEARCH
RockTunnelPokecenter_h	12:53AE	1D:50D1	5	4030	SEARCH
RockTunnelPokecenter_h	12:53AE	1D:5E97	5	4030	SEARCH
Route11Gate1F_h	12:5400	12:5402	5	40C7	SEARCH
Route11Gate1F_h	12:5400	12:55F8	5	40C7	SEARCH
Route11Gate1F_h	12:5400	12:586C	5	40C7	SEARCH
Route11Gate2F_h	12:5448	07:627E	5	41B0	SEARCH
Route11Gate2F_h	12:5448	11:5CE1	5	40FB	SEARCH
Route11Gate2F_h	12:5448	11:5D1E	5	40FB	SEARCH
Route11Gate2F_h	12:5448	11:5D69	5	40FB	SEARCH
Route11Gate2F_h	12:5448	11:5DB4	5	40FB	SEARCH
Route11Gate2F_h	12:5448	12:544A	5	40DB	SEARCH
Route11Gate2F_h	12:5448	12:5556	5	40DB	SEARCH
Route11Gate2F_h	12:5448	12:5640	5	40DB	SEARCH
Route11Gate2F_h	12:5448	12:5801	5	40DB	SEARCH
Route11Gate2F_h	12:5448	12:596B	5	40DB	SEARCH
Route11Gate2F_h	12:5448	17:5699	5	4080	SEARCH
Route11Gate2F_h	12:5448	17:56DF	5	4080	SEARCH
Route11Gate2F_h	12:5448	17:571C	5	4080	SEARCH
Route11Gate2F_h	12:5448	17:5759	5	4080	SEARCH
Route11Gate2F_h	12:5448	1E:486F	0	0808	SEARCH
Route12Gate1F_h	12:54F8	07:6678	5	674B	SEARCH
Route12Gate1F_h	12:54F8	12:54FA	5	5542	SEARCH
Route12Gate1F_h	12:54F8	17:55C4	5	4090	SEARCH
Route12Gate2F_h	12:5554	07:627E	5	41B0	SEARCH
Route12Gate2F_h	12:5554	11:5CE1	5	40FB	SEARCH
Route12Gate2F_h	12:5554	11:5D1E	5	40FB	SEARCH
Route12Gate2F_h	12:5554	11:5D69	5	40FB	SEARCH
Route12Gate2F_h	12:5554	11:5DB4	5	40FB	SEARCH
Route12Gate2F_h	12:5554	12:544A	5	40DB	SEARCH
Route12Gate2F_h	12:5554	12:5556	5	40DB	SEARCH
Route12Gate2F_h	12:5554	12:5640	5	40DB	SEARCH
Route12Gate2F_h	12:5554	12:5801	5	40DB	SEARCH
Route12Gate2F_h	12:5554	12:596B	5	40DB	SEARCH
Route12Gate2F_h	12:5554	17:5699	5	4080	SEARCH
Route12Gate2F_h	12:5554	17:56DF	5	4080	SEARCH
Route12Gate2F_h	12:5554	17:571C	5	4080	SEARCH
Route12Gate2F_h	12:5554	17:5759	5	4080	SEARCH
Route12Gate2F_h	12:5554	1E:486F	0	0808	SEARCH
Route15Gate1F_h	12:55F6	12:5402	5	40C7	SEARCH
Route15Gate1F_h	12:55F6	12:55F8	5	40C7	SEARCH
Route15Gate1F_h	12:55F6	12:586C	5	40C7	SEARCH
Route15Gate2F_h	12:563E	07:627E	5	41B0	SEARCH
Route15Gate2F_h	12:563E	11:5CE1	5	40FB	SEARCH
Route15Gate2F_h	12:563E	11:5D1E	5	40FB	SEARCH
Route15Gate2F_h	12:563E	11:5D69	5	40FB	SEARCH
Route15Gate2F_h	12:563E	11:5DB4	5	40FB	SEARCH
Route15Gate2F_h	12:563E	12:544A	5	40DB	SEARCH
Route15Gate2F_h	12:563E	12:5556	5	40DB	SEARCH
Route15Gate2F_h	12:563E	12:5640	5	40DB	SEARCH
Route15Gate2F_h	12:563E	12:5801	5	40DB	SEARCH
Route15Gate2F_h	12:563E	12:596B	5	40DB	SEARCH
Route15Gate2F_h	12:563E	17:5699	5	4080	SEARCH
Route15Gate2F_h	12:563E	17:56DF	5	4080	SEARCH
Route15Gate2F_h	12:563E	17:571C	5	4080	SEARCH
Route15Gate2F_h	12:563E	17:5759	5	4080	SEARCH
Route15Gate2F_h	12:563E	1E:486F	0	0808	SEARCH
Route16Gate1F_h	12:56B2	12:56B4	5	57E5	SEARCH
Route16Gate2F_h	12:57FF	07:627E	5	41B0	SEARCH
Route16Gate2F_h	12:57FF	11:5CE1	5	40FB	SEARCH
Route16Gate2F_h	12:57FF	11:5D1E	5	40FB	SEARCH
Route16Gate2F_h	12:57FF	11:5D69	5	40FB	SEARCH
Route16Gate2F_h	12:57FF	11:5DB4	5	40FB	SEARCH
Route16Gate2F_h	12:57FF	12:544A	5	40DB	SEARCH
Route16Gate2F_h	12:57FF	12:5556	5	40DB	SEARCH
Route16Gate2F_h	12:57FF	12:5640	5	40DB	SEARCH
Route16Gate2F_h	12:57FF	12:5801	5	40DB	SEARCH
Route16Gate2F_h	12:57FF	12:596B	5	40DB	SEARCH
Route16Gate2F_h	12:57FF	17:5699	5	4080	SEARCH
Route16Gate2F_h	12:57FF	17:56DF	5	4080	SEARCH
Route16Gate2F_h	12:57FF	17:571C	5	4080	SEARCH
Route16Gate2F_h	12:57FF	17:5759	5	4080	SEARCH
Route16Gate2F_h	12:57FF	1E:486F	0	0808	SEARCH
Route18Gate1F_h	12:586A	12:5402	5	40C7	SEARCH
Route18Gate1F_h	12:586A	12:55F8	5	40C7	SEARCH
Route18Gate1F_h	12:586A	12:586C	5	40C7	SEARCH
Route18Gate2F_h	12:5969	07:627E	5	41B0	SEARCH
Route18Gate2F_h	12:5969	11:5CE1	5	40FB	SEARCH
Route18Gate2F_h	12:5969	11:5D1E	5	40FB	SEARCH
Route18Gate2F_h	12:5969	11:5D69	5	40FB	SEARCH
Route18Gate2F_h	12:5969	11:5DB4	5	40FB	SEARCH
Route18Gate2F_h	12:5969	12:544A	5	40DB	SEARCH
Route18Gate2F_h	12:5969	12:5556	5	40DB	SEARCH
Route18Gate2F_h	12:5969	12:5640	5	40DB	SEARCH
Route18Gate2F_h	12:5969	12:5801	5	40DB	SEARCH
Route18Gate2F_h	12:5969	12:596B	5	40DB	SEARCH
Route18Gate2F_h	12:5969	17:5699	5	4080	SEARCH
Route18Gate2F_h	12:5969	17:56DF	5	4080	SEARCH
Route18Gate2F_h	12:5969	17:571C	5	4080	SEARCH
Route18Gate2F_h	12:5969	17:5759	5	4080	SEARCH
Route18Gate2F_h	12:5969	1E:486F	0	0808	SEARCH
MtMoon1F_h	12:59BC	11:44D0	5	4675	SEARCH
MtMoon1F_h	12:59BC	11:5FDF	5	61A1	SEARCH
MtMoon1F_h	12:59BC	12:59BE	5	5B99	SEARCH
MtMoon1F_h	12:59BC	12:5D01	5	6043	SEARCH
MtMoon1F_h	12:59BC	18:5F62	5	5F86	SEARCH
MtMoonB2F_h	12:5CFF	11:44D0	5	4675	SEARCH
MtMoonB2F_h	12:5CFF	11:5FDF	5	61A1	SEARCH
MtMoonB2F_h	12:5CFF	12:59BE	5	5B99	SEARCH
MtMoonB2F_h	12:5CFF	12:5D01	5	6043	SEARCH
MtMoonB2F_h	12:5CFF	18:5F62	5	5F86	SEARCH
SafariZoneWest_h	12:61A9	11:585F	5	58DC	SEARCH
SafariZoneWest_h	12:61A9	11:5BA6	5	5C1E	SEARCH
SafariZoneWest_h	12:61A9	12:61AB	5	624A	SEARCH
SafariZoneWest_h	12:61A9	15:4830	2	050B	SEARCH
SafariZoneSecretHouse_h	12:630B	12:630D	5	6381	SEARCH
SafariZoneSecretHouse_h	12:630B	1D:5C8C	5	5CE2	SEARCH
SafariZoneSecretHouse_h	12:630B	1D:5CF2	5	5D8C	SEARCH
SafariZoneSecretHouse_h	12:630B	1D:5D9C	5	5E87	SEARCH
SafariZoneSecretHouse_h	12:630B	1A:484E	0	1111	SEARCH
TradeCenter_h	13:7D04	13:7D04	5	7D5D	MANIFEST+SEARCH
TradeCenter_h	13:7D04	13:7D71	5	7D91	SEARCH
Colosseum_h	13:7D71	13:7D71	5	7D91	MANIFEST+SEARCH
Colosseum_h	13:7D71	13:7D04	5	7D5D	SEARCH
Route22_h	14:4000	14:4000	5	403D	MANIFEST+SEARCH
Route22_h	14:4000	16:4ADA	5	4B84	SEARCH
Route22_h	14:4000	0E:570F	0	201D	SEARCH
Route20_h	14:40F1	14:40F1	5	417D	MANIFEST+SEARCH
Route23_h	14:433F	14:433F	5	43B2	MANIFEST+SEARCH
Route24_h	14:4682	14:4682	5	46E7	MANIFEST+SEARCH
Route24_h	14:4682	07:40C3	5	40FC	SEARCH
Route24_h	14:4682	15:4581	5	45D2	SEARCH
Route24_h	14:4682	16:4000	5	4079	SEARCH
Route25_h	14:479B	14:479B	5	4810	MANIFEST+SEARCH
Route25_h	14:479B	15:4686	5	46FE	SEARCH
Route25_h	14:479B	15:480C	5	488B	SEARCH
Route25_h	14:479B	16:412D	5	41C6	SEARCH
Route25_h	14:479B	16:44BE	5	455F	SEARCH
Route25_h	14:479B	16:492C	5	49CC	SEARCH
IndigoPlateau_h	14:491E	14:491E	5	494A	MANIFEST+SEARCH
SaffronCity_h	14:49A4	14:49A4	5	4A98	MANIFEST+SEARCH
SaffronCity_h	14:49A4	06:4357	5	43EC	SEARCH
SaffronCity_h	14:49A4	06:4554	5	45E6	SEARCH
SaffronCity_h	14:49A4	06:474E	5	4830	SEARCH
SaffronCity_h	14:49A4	06:4998	5	4A3F	SEARCH
SaffronCity_h	14:49A4	06:4BA7	5	4C86	SEARCH
VictoryRoad2F_h	14:5791	11:47DD	5	489F	SEARCH
VictoryRoad2F_h	14:5791	11:4974	5	4B37	SEARCH
VictoryRoad2F_h	14:5791	11:5DFF	5	5E5D	SEARCH
VictoryRoad2F_h	14:5791	11:5EE4	5	5F58	SEARCH
VictoryRoad2F_h	14:5791	11:6309	5	63BE	SEARCH
VictoryRoad2F_h	14:5791	11:6445	5	64FA	SEARCH
VictoryRoad2F_h	14:5791	11:6581	5	6706	SEARCH
VictoryRoad2F_h	14:5791	11:678D	5	68FA	SEARCH
VictoryRoad2F_h	14:5791	14:5790	5	59AE	SEARCH
VictoryRoad2F_h	14:5791	1D:4D7A	5	4DF0	SEARCH
MtMoonB1F_h	14:5A36	14:5A35	5	5A90	SEARCH
MtMoonB1F_h	14:5A36	11:4417	3	5D0E	SEARCH
SilphCo7F_h	14:5B55	06:61A2	5	6370	SEARCH
SilphCo7F_h	14:5B55	14:5B54	5	5F56	SEARCH
SilphCo7F_h	14:5B55	15:64F8	5	666D	SEARCH
SilphCo7F_h	14:5B55	17:57AB	5	5985	SEARCH
PokemonMansion2F_h	14:5FCC	11:42A3	5	43FE	SEARCH
PokemonMansion2F_h	14:5FCC	11:4BBE	5	4D49	SEARCH
PokemonMansion2F_h	14:5FCC	11:4E1B	5	5147	SEARCH
PokemonMansion2F_h	14:5FCC	11:5219	5	537F	SEARCH
PokemonMansion2F_h	14:5FCC	14:5FCB	5	610F	SEARCH
PokemonMansion2F_h	14:5FCC	14:63AC	5	64DC	SEARCH
PokemonMansion3F_h	14:61E2	06:5D04	5	5EA9	SEARCH
PokemonMansion3F_h	14:61E2	06:5F30	5	611B	SEARCH
PokemonMansion3F_h	14:61E2	14:61E1	5	6325	SEARCH
PokemonMansion3F_h	14:61E2	16:5CE5	5	5EC8	SEARCH
PokemonMansion3F_h	14:61E2	16:5F4F	5	60A6	SEARCH
PokemonMansion3F_h	14:61E2	17:543E	5	549E	SEARCH
PokemonMansionB1F_h	14:63AD	11:42A3	5	43FE	SEARCH
PokemonMansionB1F_h	14:63AD	11:4BBE	5	4D49	SEARCH
PokemonMansionB1F_h	14:63AD	11:4E1B	5	5147	SEARCH
PokemonMansionB1F_h	14:63AD	11:5219	5	537F	SEARCH
PokemonMansionB1F_h	14:63AD	14:5FCB	5	610F	SEARCH
PokemonMansionB1F_h	14:63AD	14:63AC	5	64DC	SEARCH
Route2_h	15:4000	15:4000	5	407E	MANIFEST+SEARCH
Route2_h	15:4000	16:42D4	5	4356	SEARCH
Route2_h	15:4000	1C:639F	2	0002	SEARCH
Route3_h	15:41E6	15:41E6	5	4255	MANIFEST+SEARCH
Route3_h	15:41E6	11:59D5	0	0002	SEARCH
Route4_h	15:4390	15:4390	5	43EC	MANIFEST+SEARCH
Route5_h	15:4581	15:4581	5	45D2	MANIFEST+SEARCH
Route5_h	15:4581	07:40C3	5	40FC	SEARCH
Route5_h	15:4581	14:4682	5	46E7	SEARCH
Route5_h	15:4581	16:4000	5	4079	SEARCH
Route9_h	15:4686	15:4686	5	46FE	MANIFEST+SEARCH
Route9_h	15:4686	14:479B	5	4810	SEARCH
Route9_h	15:4686	15:480C	5	488B	SEARCH
Route9_h	15:4686	16:412D	5	41C6	SEARCH
Route9_h	15:4686	16:44BE	5	455F	SEARCH
Route9_h	15:4686	16:492C	5	49CC	SEARCH
Route13_h	15:480C	15:480C	5	488B	MANIFEST+SEARCH
Route13_h	15:480C	14:479B	5	4810	SEARCH
Route13_h	15:480C	15:4686	5	46FE	SEARCH
Route13_h	15:480C	16:412D	5	41C6	SEARCH
Route13_h	15:480C	16:44BE	5	455F	SEARCH
Route13_h	15:480C	16:492C	5	49CC	SEARCH
Route14_h	15:4999	15:4999	5	4A12	MANIFEST+SEARCH
Route14_h	15:4999	15:4E78	5	4EF1	SEARCH
Route17_h	15:4B20	15:4B20	5	4BA8	MANIFEST+SEARCH
Route19_h	15:4E78	15:4E78	5	4EF1	MANIFEST+SEARCH
Route19_h	15:4E78	15:4999	5	4A12	SEARCH
Route21_h	15:4FFF	15:4FFF	5	506D	MANIFEST+SEARCH
VermilionOldRodHouse_h	15:6064	15:6064	5	522F	MANIFEST+SEARCH
VermilionOldRodHouse_h	15:6064	06:5B34	5	5BFB	SEARCH
VermilionOldRodHouse_h	15:6064	06:5C0B	5	5C44	SEARCH
VermilionOldRodHouse_h	15:6064	07:5540	5	41EE	SEARCH
VermilionOldRodHouse_h	15:6064	07:557D	5	41DE	SEARCH
VermilionOldRodHouse_h	15:6064	07:55E7	5	41DE	SEARCH
VermilionOldRodHouse_h	15:6064	07:563C	5	41DE	SEARCH
VermilionOldRodHouse_h	15:6064	07:5679	5	41FE	SEARCH
VermilionOldRodHouse_h	15:6064	07:56EA	5	41DE	SEARCH
VermilionOldRodHouse_h	15:6064	07:589D	5	41DE	SEARCH
VermilionOldRodHouse_h	15:6064	07:59A3	5	41DE	SEARCH
VermilionOldRodHouse_h	15:6064	07:5A07	5	41DE	SEARCH
VermilionOldRodHouse_h	15:6064	07:5AF1	5	41DE	SEARCH
VermilionOldRodHouse_h	15:6064	07:5D2F	5	41EE	SEARCH
VermilionOldRodHouse_h	15:6064	07:5DD2	5	41DE	SEARCH
VermilionOldRodHouse_h	15:6064	07:5E31	5	41DE	SEARCH
VermilionOldRodHouse_h	15:6064	07:5EE2	5	41DE	SEARCH
VermilionOldRodHouse_h	15:6064	07:65ED	5	41DE	SEARCH
VermilionOldRodHouse_h	15:6064	15:6243	5	522F	SEARCH
VermilionOldRodHouse_h	15:6064	15:6473	5	522F	SEARCH
VermilionOldRodHouse_h	15:6064	1D:5086	5	4020	SEARCH
CeladonMart2F_h	15:60E9	15:60E9	5	6148	MANIFEST+SEARCH
CeladonMart2F_h	15:60E9	12:4219	5	4322	SEARCH
CeladonMart2F_h	15:60E9	12:434A	5	43A1	SEARCH
CeladonMart2F_h	15:60E9	12:43C9	5	45CC	SEARCH
CeladonMart2F_h	15:60E9	12:505F	5	50BE	SEARCH
CeladonMart2F_h	15:60E9	18:4F7A	5	4FDE	SEARCH
FuchsiaGoodRodHouse_h	15:6170	15:6170	5	523F	MANIFEST+SEARCH
FuchsiaGoodRodHouse_h	15:6170	1D:4E77	5	404C	SEARCH
FuchsiaGoodRodHouse_h	15:6170	1B:6C6F	2	0404	SEARCH
FuchsiaGoodRodHouse_h	15:6170	1D:5C48	0	0511	SEARCH
Daycare_h	15:6243	15:6243	5	522F	MANIFEST+SEARCH
Daycare_h	15:6243	06:5B34	5	5BFB	SEARCH
Daycare_h	15:6243	06:5C0B	5	5C44	SEARCH
Daycare_h	15:6243	07:5540	5	41EE	SEARCH
Daycare_h	15:6243	07:557D	5	41DE	SEARCH
Daycare_h	15:6243	07:55E7	5	41DE	SEARCH
Daycare_h	15:6243	07:563C	5	41DE	SEARCH
Daycare_h	15:6243	07:5679	5	41FE	SEARCH
Daycare_h	15:6243	07:56EA	5	41DE	SEARCH
Daycare_h	15:6243	07:589D	5	41DE	SEARCH
Daycare_h	15:6243	07:59A3	5	41DE	SEARCH
Daycare_h	15:6243	07:5A07	5	41DE	SEARCH
Daycare_h	15:6243	07:5AF1	5	41DE	SEARCH
Daycare_h	15:6243	07:5D2F	5	41EE	SEARCH
Daycare_h	15:6243	07:5DD2	5	41DE	SEARCH
Daycare_h	15:6243	07:5E31	5	41DE	SEARCH
Daycare_h	15:6243	07:5EE2	5	41DE	SEARCH
Daycare_h	15:6243	07:65ED	5	41DE	SEARCH
Daycare_h	15:6243	15:6064	5	522F	SEARCH
Daycare_h	15:6243	15:6473	5	522F	SEARCH
Daycare_h	15:6243	1D:5086	5	4020	SEARCH
Route12SuperRodHouse_h	15:6473	15:6473	5	522F	MANIFEST+SEARCH
Route12SuperRodHouse_h	15:6473	06:5B34	5	5BFB	SEARCH
Route12SuperRodHouse_h	15:6473	06:5C0B	5	5C44	SEARCH
Route12SuperRodHouse_h	15:6473	07:5540	5	41EE	SEARCH
Route12SuperRodHouse_h	15:6473	07:557D	5	41DE	SEARCH
Route12SuperRodHouse_h	15:6473	07:55E7	5	41DE	SEARCH
Route12SuperRodHouse_h	15:6473	07:563C	5	41DE	SEARCH
Route12SuperRodHouse_h	15:6473	07:5679	5	41FE	SEARCH
Route12SuperRodHouse_h	15:6473	07:56EA	5	41DE	SEARCH
Route12SuperRodHouse_h	15:6473	07:589D	5	41DE	SEARCH
Route12SuperRodHouse_h	15:6473	07:59A3	5	41DE	SEARCH
Route12SuperRodHouse_h	15:6473	07:5A07	5	41DE	SEARCH
Route12SuperRodHouse_h	15:6473	07:5AF1	5	41DE	SEARCH
Route12SuperRodHouse_h	15:6473	07:5D2F	5	41EE	SEARCH
Route12SuperRodHouse_h	15:6473	07:5DD2	5	41DE	SEARCH
Route12SuperRodHouse_h	15:6473	07:5E31	5	41DE	SEARCH
Route12SuperRodHouse_h	15:6473	07:5EE2	5	41DE	SEARCH
Route12SuperRodHouse_h	15:6473	07:65ED	5	41DE	SEARCH
Route12SuperRodHouse_h	15:6473	15:6064	5	522F	SEARCH
Route12SuperRodHouse_h	15:6473	15:6243	5	522F	SEARCH
Route12SuperRodHouse_h	15:6473	1D:5086	5	4020	SEARCH
SilphCo8F_h	15:64F8	15:64F8	5	666D	MANIFEST+SEARCH
SilphCo8F_h	15:64F8	06:61A2	5	6370	SEARCH
SilphCo8F_h	15:64F8	14:5B54	5	5F56	SEARCH
SilphCo8F_h	15:64F8	17:57AB	5	5985	SEARCH
Route6_h	16:4000	16:4000	5	4079	MANIFEST+SEARCH
Route6_h	16:4000	07:40C3	5	40FC	SEARCH
Route6_h	16:4000	14:4682	5	46E7	SEARCH
Route6_h	16:4000	15:4581	5	45D2	SEARCH
Route8_h	16:412D	16:412D	5	41C6	MANIFEST+SEARCH
Route8_h	16:412D	14:479B	5	4810	SEARCH
Route8_h	16:412D	15:4686	5	46FE	SEARCH
Route8_h	16:412D	15:480C	5	488B	SEARCH
Route8_h	16:412D	16:44BE	5	455F	SEARCH
Route8_h	16:412D	16:492C	5	49CC	SEARCH
Route10_h	16:42D4	16:42D4	5	4356	MANIFEST+SEARCH
Route10_h	16:42D4	15:4000	5	407E	SEARCH
Route10_h	16:42D4	1C:639F	2	0002	SEARCH
Route11_h	16:44BE	16:44BE	5	455F	MANIFEST+SEARCH
Route11_h	16:44BE	14:479B	5	4810	SEARCH
Route11_h	16:44BE	15:4686	5	46FE	SEARCH
Route11_h	16:44BE	15:480C	5	488B	SEARCH
Route11_h	16:44BE	16:412D	5	41C6	SEARCH
Route11_h	16:44BE	16:492C	5	49CC	SEARCH
Route12_h	16:466D	16:466D	5	4710	MANIFEST+SEARCH
Route15_h	16:492C	16:492C	5	49CC	MANIFEST+SEARCH
Route15_h	16:492C	14:479B	5	4810	SEARCH
Route15_h	16:492C	15:4686	5	46FE	SEARCH
Route15_h	16:492C	15:480C	5	488B	SEARCH
Route15_h	16:492C	16:412D	5	41C6	SEARCH
Route15_h	16:492C	16:44BE	5	455F	SEARCH
Route16_h	16:4ADA	16:4ADA	5	4B84	MANIFEST+SEARCH
Route16_h	16:4ADA	14:4000	5	403D	SEARCH
Route16_h	16:4ADA	0E:570F	0	201D	SEARCH
Route18_h	16:4C38	16:4C38	5	4C9C	MANIFEST+SEARCH
Route18_h	16:4C38	11:5BC5	0	020E	SEARCH
PokemonFanClub_h	16:5B64	16:5B64	5	5CD5	MANIFEST+SEARCH
PokemonFanClub_h	16:5B64	07:675F	5	6906	SEARCH
PokemonFanClub_h	16:5B64	19:7525	0	1F1F	SEARCH
SilphCo2F_h	16:5CE5	16:5CE5	5	5EC8	MANIFEST+SEARCH
SilphCo2F_h	16:5CE5	06:5D04	5	5EA9	SEARCH
SilphCo2F_h	16:5CE5	06:5F30	5	611B	SEARCH
SilphCo2F_h	16:5CE5	14:61E1	5	6325	SEARCH
SilphCo2F_h	16:5CE5	16:5F4F	5	60A6	SEARCH
SilphCo2F_h	16:5CE5	17:543E	5	549E	SEARCH
SilphCo3F_h	16:5F4F	16:5F4F	5	60A6	MANIFEST+SEARCH
SilphCo3F_h	16:5F4F	06:5D04	5	5EA9	SEARCH
SilphCo3F_h	16:5F4F	06:5F30	5	611B	SEARCH
SilphCo3F_h	16:5F4F	14:61E1	5	6325	SEARCH
SilphCo3F_h	16:5F4F	16:5CE5	5	5EC8	SEARCH
SilphCo3F_h	16:5F4F	17:543E	5	549E	SEARCH
SilphCo10F_h	16:612D	16:612D	5	625A	MANIFEST+SEARCH
LancesRoom_h	16:62A2	16:62A2	5	63E9	MANIFEST+SEARCH
HallOfFame_h	16:6492	16:6492	5	658B	MANIFEST+SEARCH
HallOfFame_h	16:6492	12:42D8	2	0408	SEARCH
HallOfFame_h	16:6492	17:5673	2	07FF	SEARCH
HallOfFame_h	16:6492	17:5789	2	04FF	SEARCH
HallOfFame_h	16:6492	12:48D8	0	00FF	SEARCH
HallOfFame_h	16:6492	17:48AC	0	00FF	SEARCH
RedsHouse2F_h	17:40A4	17:40A4	5	4010	MANIFEST+SEARCH
RedsHouse2F_h	17:40A4	14:45AC	5	4604	SEARCH
RedsHouse2F_h	17:40A4	17:4C60	5	4010	SEARCH
RedsHouse2F_h	17:40A4	11:5999	3	7C04	SEARCH
RedsHouse2F_h	17:40A4	11:599A	3	4D7C	SEARCH
RedsHouse2F_h	17:40A4	14:4538	3	4604	SEARCH
RedsHouse2F_h	17:40A4	14:45B5	3	4746	SEARCH
RedsHouse2F_h	17:40A4	1B:6BCD	3	4019	SEARCH
RedsHouse2F_h	17:40A4	10:58D3	2	0408	SEARCH
RedsHouse2F_h	17:40A4	10:62E9	2	0004	SEARCH
RedsHouse2F_h	17:40A4	11:4961	2	0404	SEARCH
RedsHouse2F_h	17:40A4	11:4962	2	0404	SEARCH
RedsHouse2F_h	17:40A4	11:4963	2	0404	SEARCH
RedsHouse2F_h	17:40A4	11:4964	2	0404	SEARCH
RedsHouse2F_h	17:40A4	11:4965	2	1C04	SEARCH
RedsHouse2F_h	17:40A4	11:4966	2	021C	SEARCH
RedsHouse2F_h	17:40A4	11:4BB0	2	0404	SEARCH
RedsHouse2F_h	17:40A4	11:4BB1	2	0404	SEARCH
RedsHouse2F_h	17:40A4	11:4BB2	2	0404	SEARCH
RedsHouse2F_h	17:40A4	11:4BB3	2	0404	SEARCH
RedsHouse2F_h	17:40A4	11:4BB4	2	0404	SEARCH
RedsHouse2F_h	17:40A4	11:4BB6	2	0404	SEARCH
RedsHouse2F_h	17:40A4	11:4BB7	2	0A04	SEARCH
RedsHouse2F_h	17:40A4	14:4527	2	2C04	SEARCH
RedsHouse2F_h	17:40A4	14:4528	2	282C	SEARCH
RedsHouse2F_h	17:40A4	14:452E	2	0404	SEARCH
RedsHouse2F_h	17:40A4	14:452F	2	0404	SEARCH
RedsHouse2F_h	17:40A4	14:4530	2	0404	SEARCH
RedsHouse2F_h	17:40A4	14:4531	2	0404	SEARCH
RedsHouse2F_h	17:40A4	14:4532	2	0404	SEARCH
RedsHouse2F_h	17:40A4	14:4534	2	0404	SEARCH
RedsHouse2F_h	17:40A4	14:4535	2	0404	SEARCH
RedsHouse2F_h	17:40A4	14:4537	2	0404	SEARCH
RedsHouse2F_h	17:40A4	14:4539	2	0446	SEARCH
RedsHouse2F_h	17:40A4	14:4559	2	1804	SEARCH
RedsHouse2F_h	17:40A4	14:455A	2	1A18	SEARCH
RedsHouse2F_h	17:40A4	14:4563	2	3504	SEARCH
RedsHouse2F_h	17:40A4	14:4564	2	1735	SEARCH
RedsHouse2F_h	17:40A4	14:456D	2	1804	SEARCH
RedsHouse2F_h	17:40A4	14:45A0	2	282C	SEARCH
RedsHouse2F_h	17:40A4	14:45A6	2	0404	SEARCH
RedsHouse2F_h	17:40A4	14:45A8	2	0404	SEARCH
RedsHouse2F_h	17:40A4	14:45A9	2	0404	SEARCH
RedsHouse2F_h	17:40A4	14:45AA	2	0404	SEARCH
RedsHouse2F_h	17:40A4	14:45AD	2	0446	SEARCH
RedsHouse2F_h	17:40A4	18:531D	2	0404	SEARCH
RedsHouse2F_h	17:40A4	18:531E	2	0404	SEARCH
RedsHouse2F_h	17:40A4	18:531F	2	0404	SEARCH
RedsHouse2F_h	17:40A4	18:5320	2	0404	SEARCH
RedsHouse2F_h	17:40A4	18:5321	2	0404	SEARCH
RedsHouse2F_h	17:40A4	18:5322	2	0404	SEARCH
RedsHouse2F_h	17:40A4	18:5323	2	0404	SEARCH
RedsHouse2F_h	17:40A4	18:5324	2	0404	SEARCH
RedsHouse2F_h	17:40A4	18:5325	2	0404	SEARCH
RedsHouse2F_h	17:40A4	18:5326	2	0404	SEARCH
RedsHouse2F_h	17:40A4	18:5328	2	0404	SEARCH
RedsHouse2F_h	17:40A4	18:55E8	2	0404	SEARCH
RedsHouse2F_h	17:40A4	18:55E9	2	0404	SEARCH
RedsHouse2F_h	17:40A4	18:55EA	2	0404	SEARCH
RedsHouse2F_h	17:40A4	18:55EB	2	0404	SEARCH
RedsHouse2F_h	17:40A4	18:55EC	2	0404	SEARCH
RedsHouse2F_h	17:40A4	18:55ED	2	0404	SEARCH
RedsHouse2F_h	17:40A4	18:55EE	2	0404	SEARCH
RedsHouse2F_h	17:40A4	18:55EF	2	0404	SEARCH
RedsHouse2F_h	17:40A4	18:55F0	2	0404	SEARCH
RedsHouse2F_h	17:40A4	18:55F1	2	0404	SEARCH
RedsHouse2F_h	17:40A4	18:55F2	2	0404	SEARCH
RedsHouse2F_h	17:40A4	18:55F3	2	0404	SEARCH
RedsHouse2F_h	17:40A4	18:55F4	2	0404	SEARCH
RedsHouse2F_h	17:40A4	18:55F5	2	0D04	SEARCH
RedsHouse2F_h	17:40A4	18:55F6	2	0C0D	SEARCH
RedsHouse2F_h	17:40A4	18:5685	2	0404	SEARCH
RedsHouse2F_h	17:40A4	18:5686	2	0404	SEARCH
RedsHouse2F_h	17:40A4	18:5687	2	0404	SEARCH
RedsHouse2F_h	17:40A4	18:5689	2	0404	SEARCH
RedsHouse2F_h	17:40A4	18:568A	2	0404	SEARCH
RedsHouse2F_h	17:40A4	18:568B	2	0404	SEARCH
RedsHouse2F_h	17:40A4	18:568C	2	0404	SEARCH
RedsHouse2F_h	17:40A4	18:568D	2	3404	SEARCH
RedsHouse2F_h	17:40A4	18:568E	2	0D34	SEARCH
RedsHouse2F_h	17:40A4	18:5782	2	0D24	SEARCH
RedsHouse2F_h	17:40A4	19:5329	2	1414	SEARCH
RedsHouse2F_h	17:40A4	19:5A38	2	1404	SEARCH
RedsHouse2F_h	17:40A4	1A:4838	2	1414	SEARCH
RedsHouse2F_h	17:40A4	1A:485F	2	1404	SEARCH
RedsHouse2F_h	17:40A4	1A:4860	2	1414	SEARCH
RedsHouse2F_h	17:40A4	1A:5CB7	2	1404	SEARCH
RedsHouse2F_h	17:40A4	1A:5CB8	2	1414	SEARCH
RedsHouse2F_h	17:40A4	1A:64C1	2	FC04	SEARCH
RedsHouse2F_h	17:40A4	1B:5F29	2	1414	SEARCH
RedsHouse2F_h	17:40A4	1B:6970	2	0404	SEARCH
RedsHouse2F_h	17:40A4	1B:6971	2	0404	SEARCH
RedsHouse2F_h	17:40A4	1B:6972	2	0404	SEARCH
RedsHouse2F_h	17:40A4	1B:6973	2	0404	SEARCH
RedsHouse2F_h	17:40A4	1B:6974	2	0404	SEARCH
RedsHouse2F_h	17:40A4	1B:6975	2	0404	SEARCH
RedsHouse2F_h	17:40A4	1B:6976	2	0404	SEARCH
RedsHouse2F_h	17:40A4	1B:6977	2	0404	SEARCH
RedsHouse2F_h	17:40A4	1B:6978	2	0404	SEARCH
RedsHouse2F_h	17:40A4	1B:6979	2	0404	SEARCH
RedsHouse2F_h	17:40A4	1B:697A	2	0404	SEARCH
RedsHouse2F_h	17:40A4	1B:6A31	2	0423	SEARCH
RedsHouse2F_h	17:40A4	1B:6A35	2	0423	SEARCH
RedsHouse2F_h	17:40A4	1B:6A39	2	0423	SEARCH
RedsHouse2F_h	17:40A4	1B:6A3D	2	0101	SEARCH
RedsHouse2F_h	17:40A4	1B:6A90	2	0404	SEARCH
RedsHouse2F_h	17:40A4	1B:6A91	2	0404	SEARCH
RedsHouse2F_h	17:40A4	1B:6A92	2	0404	SEARCH
RedsHouse2F_h	17:40A4	1B:6A94	2	2304	SEARCH
RedsHouse2F_h	17:40A4	1B:6A95	2	0423	SEARCH
RedsHouse2F_h	17:40A4	1B:6A99	2	0423	SEARCH
RedsHouse2F_h	17:40A4	1B:6A9D	2	0404	SEARCH
RedsHouse2F_h	17:40A4	1B:6A9E	2	0404	SEARCH
RedsHouse2F_h	17:40A4	1B:6A9F	2	0404	SEARCH
RedsHouse2F_h	17:40A4	1B:6AA0	2	0404	SEARCH
RedsHouse2F_h	17:40A4	1B:6AA3	2	0404	SEARCH
RedsHouse2F_h	17:40A4	1B:6AA4	2	0404	SEARCH
RedsHouse2F_h	17:40A4	1B:6AB9	2	0423	SEARCH
RedsHouse2F_h	17:40A4	1B:6AD9	2	0423	SEARCH
RedsHouse2F_h	17:40A4	1B:6B74	2	0404	SEARCH
RedsHouse2F_h	17:40A4	1B:6B75	2	0404	SEARCH
RedsHouse2F_h	17:40A4	1B:6B76	2	0404	SEARCH
RedsHouse2F_h	17:40A4	1B:6BC1	2	0404	SEARCH
RedsHouse2F_h	17:40A4	1B:6BC2	2	0404	SEARCH
RedsHouse2F_h	17:40A4	1B:6BC3	2	0404	SEARCH
RedsHouse2F_h	17:40A4	1B:6BC4	2	0404	SEARCH
RedsHouse2F_h	17:40A4	1B:6BC5	2	0404	SEARCH
RedsHouse2F_h	17:40A4	1B:6BC6	2	0404	SEARCH
RedsHouse2F_h	17:40A4	1B:6C70	2	0404	SEARCH
RedsHouse2F_h	17:40A4	1B:6C73	2	0404	SEARCH
RedsHouse2F_h	17:40A4	1B:6C74	2	0404	SEARCH
RedsHouse2F_h	17:40A4	1B:6C77	2	2A29	SEARCH
RedsHouse2F_h	17:40A4	04:5B71	0	0404	SEARCH
RedsHouse2F_h	17:40A4	04:5B72	0	0704	SEARCH
RedsHouse2F_h	17:40A4	04:5B73	0	0007	SEARCH
RedsHouse2F_h	17:40A4	10:628C	0	0800	SEARCH
RedsHouse2F_h	17:40A4	10:62E8	0	0404	SEARCH
RedsHouse2F_h	17:40A4	10:62EA	0	0200	SEARCH
RedsHouse2F_h	17:40A4	10:6433	0	0004	SEARCH
RedsHouse2F_h	17:40A4	10:6434	0	0200	SEARCH
RedsHouse2F_h	17:40A4	11:4BB5	0	0404	SEARCH
RedsHouse2F_h	17:40A4	11:4BB8	0	040A	SEARCH
RedsHouse2F_h	17:40A4	11:5997	0	0404	SEARCH
RedsHouse2F_h	17:40A4	11:5998	0	0404	SEARCH
RedsHouse2F_h	17:40A4	12:58CF	0	0405	SEARCH
RedsHouse2F_h	17:40A4	14:4533	0	0404	SEARCH
RedsHouse2F_h	17:40A4	14:4536	0	0404	SEARCH
RedsHouse2F_h	17:40A4	14:4542	0	1804	SEARCH
RedsHouse2F_h	17:40A4	14:4543	0	1A18	SEARCH
RedsHouse2F_h	17:40A4	14:4558	0	0404	SEARCH
RedsHouse2F_h	17:40A4	14:4562	0	0404	SEARCH
RedsHouse2F_h	17:40A4	14:456C	0	0404	SEARCH
RedsHouse2F_h	17:40A4	14:456E	0	1A18	SEARCH
RedsHouse2F_h	17:40A4	14:457E	0	1238	SEARCH
RedsHouse2F_h	17:40A4	14:458C	0	1735	SEARCH
RedsHouse2F_h	17:40A4	14:4596	0	1A18	SEARCH
RedsHouse2F_h	17:40A4	14:45A7	0	0404	SEARCH
RedsHouse2F_h	17:40A4	14:45AB	0	0404	SEARCH
RedsHouse2F_h	17:40A4	14:45B1	0	0447	SEARCH
RedsHouse2F_h	17:40A4	16:5FA8	0	FF08	SEARCH
RedsHouse2F_h	17:40A4	18:5327	0	0404	SEARCH
RedsHouse2F_h	17:40A4	18:5329	0	0404	SEARCH
RedsHouse2F_h	17:40A4	18:532A	0	0D04	SEARCH
RedsHouse2F_h	17:40A4	18:532B	0	0E0D	SEARCH
RedsHouse2F_h	17:40A4	18:5688	0	0404	SEARCH
RedsHouse2F_h	17:40A4	18:5781	0	2404	SEARCH
RedsHouse2F_h	17:40A4	18:5796	0	0C0D	SEARCH
RedsHouse2F_h	17:40A4	19:4F13	0	04FC	SEARCH
RedsHouse2F_h	17:40A4	19:5328	0	1404	SEARCH
RedsHouse2F_h	17:40A4	19:54D3	0	04FC	SEARCH
RedsHouse2F_h	17:40A4	19:5A39	0	1414	SEARCH
RedsHouse2F_h	17:40A4	19:6578	0	1404	SEARCH
RedsHouse2F_h	17:40A4	19:6579	0	1414	SEARCH
RedsHouse2F_h	17:40A4	19:65A8	0	1404	SEARCH
RedsHouse2F_h	17:40A4	19:65A9	0	1414	SEARCH
RedsHouse2F_h	17:40A4	19:7123	0	04FC	SEARCH
RedsHouse2F_h	17:40A4	1A:4837	0	1404	SEARCH
RedsHouse2F_h	17:40A4	1A:487F	0	1404	SEARCH
RedsHouse2F_h	17:40A4	1A:4880	0	1414	SEARCH
RedsHouse2F_h	17:40A4	1A:5221	0	0404	SEARCH
RedsHouse2F_h	17:40A4	1A:5222	0	0404	SEARCH
RedsHouse2F_h	17:40A4	1A:5223	0	FC04	SEARCH
RedsHouse2F_h	17:40A4	1A:5224	0	04FC	SEARCH
RedsHouse2F_h	17:40A4	1A:5742	0	04FC	SEARCH
RedsHouse2F_h	17:40A4	1A:64C2	0	FCFC	SEARCH
RedsHouse2F_h	17:40A4	1B:5F28	0	1404	SEARCH
RedsHouse2F_h	17:40A4	1B:6278	0	1404	SEARCH
RedsHouse2F_h	17:40A4	1B:6279	0	1414	SEARCH
RedsHouse2F_h	17:40A4	1B:6360	0	1404	SEARCH
RedsHouse2F_h	17:40A4	1B:6361	0	1414	SEARCH
RedsHouse2F_h	17:40A4	1B:697B	0	0404	SEARCH
RedsHouse2F_h	17:40A4	1B:697C	0	0104	SEARCH
RedsHouse2F_h	17:40A4	1B:697D	0	0101	SEARCH
RedsHouse2F_h	17:40A4	1B:6A93	0	0404	SEARCH
RedsHouse2F_h	17:40A4	1B:6AA1	0	0404	SEARCH
RedsHouse2F_h	17:40A4	1B:6AA2	0	0404	SEARCH
RedsHouse2F_h	17:40A4	1B:6AA5	0	0404	SEARCH
RedsHouse2F_h	17:40A4	1B:6AA6	0	2704	SEARCH
RedsHouse2F_h	17:40A4	1B:6AA7	0	2827	SEARCH
RedsHouse2F_h	17:40A4	1B:6ABD	0	0101	SEARCH
RedsHouse2F_h	17:40A4	1B:6ADD	0	1D0D	SEARCH
RedsHouse2F_h	17:40A4	1B:6B08	0	0404	SEARCH
RedsHouse2F_h	17:40A4	1B:6B09	0	0404	SEARCH
RedsHouse2F_h	17:40A4	1B:6B0A	0	0404	SEARCH
RedsHouse2F_h	17:40A4	1B:6B0B	0	0404	SEARCH
RedsHouse2F_h	17:40A4	1B:6B0C	0	1404	SEARCH
RedsHouse2F_h	17:40A4	1B:6B0D	0	1414	SEARCH
RedsHouse2F_h	17:40A4	1B:6B2D	0	2F2E	SEARCH
RedsHouse2F_h	17:40A4	1B:6B51	0	0423	SEARCH
RedsHouse2F_h	17:40A4	1B:6B55	0	2F2E	SEARCH
RedsHouse2F_h	17:40A4	1B:6B77	0	0404	SEARCH
RedsHouse2F_h	17:40A4	1B:6B78	0	0404	SEARCH
RedsHouse2F_h	17:40A4	1B:6B79	0	0404	SEARCH
RedsHouse2F_h	17:40A4	1B:6B7A	0	0404	SEARCH
RedsHouse2F_h	17:40A4	1B:6B7B	0	0404	SEARCH
RedsHouse2F_h	17:40A4	1B:6B7C	0	2E04	SEARCH
RedsHouse2F_h	17:40A4	1B:6B7D	0	2F2E	SEARCH
RedsHouse2F_h	17:40A4	1B:6BC7	0	0404	SEARCH
RedsHouse2F_h	17:40A4	1B:6BC8	0	0404	SEARCH
RedsHouse2F_h	17:40A4	1B:6BC9	0	0404	SEARCH
RedsHouse2F_h	17:40A4	1B:6BCA	0	0404	SEARCH
RedsHouse2F_h	17:40A4	1B:6BCB	0	0404	SEARCH
RedsHouse2F_h	17:40A4	1B:6BCC	0	1904	SEARCH
RedsHouse2F_h	17:40A4	1B:6C71	0	0404	SEARCH
RedsHouse2F_h	17:40A4	1B:6C72	0	0404	SEARCH
RedsHouse2F_h	17:40A4	1B:6C75	0	0404	SEARCH
RedsHouse2F_h	17:40A4	1B:6C76	0	2904	SEARCH
RedsHouse2F_h	17:40A4	1B:6E0D	0	0000	SEARCH
RedsHouse2F_h	17:40A4	1B:7882	0	0404	SEARCH
RedsHouse2F_h	17:40A4	1B:7883	0	0404	SEARCH
RedsHouse2F_h	17:40A4	1B:7884	0	FC04	SEARCH
RedsHouse2F_h	17:40A4	1B:7885	0	04FC	SEARCH
Museum1F_h	17:40EB	17:40EB	5	4020	MANIFEST+SEARCH
Museum1F_h	17:40EB	1E:48D1	2	0A04	SEARCH
Museum1F_h	17:40EB	1E:48D3	2	0502	SEARCH
Museum1F_h	17:40EB	1D:629A	0	0B05	SEARCH
Museum1F_h	17:40EB	1D:63F1	0	0B05	SEARCH
Museum1F_h	17:40EB	1D:6548	0	0B05	SEARCH
Museum2F_h	17:430B	17:430B	5	4048	MANIFEST+SEARCH
Museum2F_h	17:430B	07:6721	0	0004	SEARCH
PewterGym_h	17:437B	17:437B	5	4558	MANIFEST+SEARCH
PewterGym_h	17:437B	17:46A7	5	4864	SEARCH
PewterGym_h	17:437B	04:40A5	2	0507	SEARCH
PewterGym_h	17:437B	05:4526	2	0707	SEARCH
PewterGym_h	17:437B	05:4CA6	2	0306	SEARCH
PewterGym_h	17:437B	05:5425	2	0507	SEARCH
PewterGym_h	17:437B	05:69E4	2	0706	SEARCH
PewterGym_h	17:437B	05:6FE6	2	0306	SEARCH
PewterGym_h	17:437B	1A:743F	2	0506	SEARCH
PewterGym_h	17:437B	1B:7994	2	0705	SEARCH
PewterGym_h	17:437B	04:48E4	0	0607	SEARCH
PewterGym_h	17:437B	04:4D69	0	0F0F	SEARCH
PewterPokecenter_h	17:457B	17:457B	5	4064	MANIFEST+SEARCH
PewterPokecenter_h	17:457B	11:4251	5	40DF	SEARCH
PewterPokecenter_h	17:457B	12:48AC	5	40AB	SEARCH
PewterPokecenter_h	17:457B	12:525F	5	52A9	SEARCH
PewterPokecenter_h	17:457B	12:52C5	5	40AB	SEARCH
PewterPokecenter_h	17:457B	12:53B0	5	40AB	SEARCH
PewterPokecenter_h	17:457B	17:4639	5	468B	SEARCH
PewterPokecenter_h	17:457B	17:48CC	5	4064	SEARCH
PewterPokecenter_h	17:457B	17:4981	5	4064	SEARCH
PewterPokecenter_h	17:457B	17:5525	5	4064	SEARCH
PewterPokecenter_h	17:457B	1D:50D1	5	4030	SEARCH
PewterPokecenter_h	17:457B	1D:5E97	5	4030	SEARCH
CeruleanPokecenter_h	17:4639	17:4639	5	468B	MANIFEST+SEARCH
CeruleanPokecenter_h	17:4639	11:4251	5	40DF	SEARCH
CeruleanPokecenter_h	17:4639	12:48AC	5	40AB	SEARCH
CeruleanPokecenter_h	17:4639	12:525F	5	52A9	SEARCH
CeruleanPokecenter_h	17:4639	12:52C5	5	40AB	SEARCH
CeruleanPokecenter_h	17:4639	12:53B0	5	40AB	SEARCH
CeruleanPokecenter_h	17:4639	17:457B	5	4064	SEARCH
CeruleanPokecenter_h	17:4639	17:48CC	5	4064	SEARCH
CeruleanPokecenter_h	17:4639	17:4981	5	4064	SEARCH
CeruleanPokecenter_h	17:4639	17:5525	5	4064	SEARCH
CeruleanPokecenter_h	17:4639	1D:50D1	5	4030	SEARCH
CeruleanPokecenter_h	17:4639	1D:5E97	5	4030	SEARCH
CeruleanGym_h	17:46A7	17:46A7	5	4864	MANIFEST+SEARCH
CeruleanGym_h	17:46A7	17:437B	5	4558	SEARCH
CeruleanGym_h	17:46A7	04:40A5	2	0507	SEARCH
CeruleanGym_h	17:46A7	05:4526	2	0707	SEARCH
CeruleanGym_h	17:46A7	05:4CA6	2	0306	SEARCH
CeruleanGym_h	17:46A7	05:5425	2	0507	SEARCH
CeruleanGym_h	17:46A7	05:69E4	2	0706	SEARCH
CeruleanGym_h	17:46A7	05:6FE6	2	0306	SEARCH
CeruleanGym_h	17:46A7	1A:743F	2	0506	SEARCH
CeruleanGym_h	17:46A7	1B:7994	2	0705	SEARCH
CeruleanGym_h	17:46A7	04:48E4	0	0607	SEARCH
CeruleanGym_h	17:46A7	04:4D69	0	0F0F	SEARCH
CeruleanMart_h	17:4889	07:5462	5	5530	SEARCH
CeruleanMart_h	17:4889	07:5D7D	5	5DC2	SEARCH
CeruleanMart_h	17:4889	17:4887	5	4000	SEARCH
CeruleanMart_h	17:4889	17:491E	5	4000	SEARCH
CeruleanMart_h	17:4889	17:49D3	5	4000	SEARCH
CeruleanMart_h	17:4889	17:53F9	5	4000	SEARCH
CeruleanMart_h	17:4889	1D:4D1B	5	4010	SEARCH
CeruleanMart_h	17:4889	1D:5EE9	5	4010	SEARCH
CeruleanMart_h	17:4889	10:6346	3	5450	SEARCH
CeruleanMart_h	17:4889	04:6399	2	0606	SEARCH
CeruleanMart_h	17:4889	11:4BAF	2	0404	SEARCH
CeruleanMart_h	17:4889	12:5118	2	0602	SEARCH
CeruleanMart_h	17:4889	1B:5E39	2	1818	SEARCH
CeruleanMart_h	17:4889	04:67B9	0	8686	SEARCH
CeruleanMart_h	17:4889	06:45C2	0	2714	SEARCH
CeruleanMart_h	17:4889	1E:4CC3	0	1F1B	SEARCH
LavenderPokecenter_h	17:48CE	11:4251	5	40DF	SEARCH
LavenderPokecenter_h	17:48CE	12:48AC	5	40AB	SEARCH
LavenderPokecenter_h	17:48CE	12:525F	5	52A9	SEARCH
LavenderPokecenter_h	17:48CE	12:52C5	5	40AB	SEARCH
LavenderPokecenter_h	17:48CE	12:53B0	5	40AB	SEARCH
LavenderPokecenter_h	17:48CE	17:457B	5	4064	SEARCH
LavenderPokecenter_h	17:48CE	17:4639	5	468B	SEARCH
LavenderPokecenter_h	17:48CE	17:48CC	5	4064	SEARCH
LavenderPokecenter_h	17:48CE	17:4981	5	4064	SEARCH
LavenderPokecenter_h	17:48CE	17:5525	5	4064	SEARCH
LavenderPokecenter_h	17:48CE	1D:50D1	5	4030	SEARCH
LavenderPokecenter_h	17:48CE	1D:5E97	5	4030	SEARCH
LavenderMart_h	17:4920	07:5462	5	5530	SEARCH
LavenderMart_h	17:4920	07:5D7D	5	5DC2	SEARCH
LavenderMart_h	17:4920	17:4887	5	4000	SEARCH
LavenderMart_h	17:4920	17:491E	5	4000	SEARCH
LavenderMart_h	17:4920	17:49D3	5	4000	SEARCH
LavenderMart_h	17:4920	17:53F9	5	4000	SEARCH
LavenderMart_h	17:4920	1D:4D1B	5	4010	SEARCH
LavenderMart_h	17:4920	1D:5EE9	5	4010	SEARCH
LavenderMart_h	17:4920	10:6346	3	5450	SEARCH
LavenderMart_h	17:4920	04:6399	2	0606	SEARCH
LavenderMart_h	17:4920	11:4BAF	2	0404	SEARCH
LavenderMart_h	17:4920	12:5118	2	0602	SEARCH
LavenderMart_h	17:4920	1B:5E39	2	1818	SEARCH
LavenderMart_h	17:4920	04:67B9	0	8686	SEARCH
LavenderMart_h	17:4920	06:45C2	0	2714	SEARCH
LavenderMart_h	17:4920	1E:4CC3	0	1F1B	SEARCH
VermilionPokecenter_h	17:4983	11:4251	5	40DF	SEARCH
VermilionPokecenter_h	17:4983	12:48AC	5	40AB	SEARCH
VermilionPokecenter_h	17:4983	12:525F	5	52A9	SEARCH
VermilionPokecenter_h	17:4983	12:52C5	5	40AB	SEARCH
VermilionPokecenter_h	17:4983	12:53B0	5	40AB	SEARCH
VermilionPokecenter_h	17:4983	17:457B	5	4064	SEARCH
VermilionPokecenter_h	17:4983	17:4639	5	468B	SEARCH
VermilionPokecenter_h	17:4983	17:48CC	5	4064	SEARCH
VermilionPokecenter_h	17:4983	17:4981	5	4064	SEARCH
VermilionPokecenter_h	17:4983	17:5525	5	4064	SEARCH
VermilionPokecenter_h	17:4983	1D:50D1	5	4030	SEARCH
VermilionPokecenter_h	17:4983	1D:5E97	5	4030	SEARCH
VermilionMart_h	17:49D5	07:5462	5	5530	SEARCH
VermilionMart_h	17:49D5	07:5D7D	5	5DC2	SEARCH
VermilionMart_h	17:49D5	17:4887	5	4000	SEARCH
VermilionMart_h	17:49D5	17:491E	5	4000	SEARCH
VermilionMart_h	17:49D5	17:49D3	5	4000	SEARCH
VermilionMart_h	17:49D5	17:53F9	5	4000	SEARCH
VermilionMart_h	17:49D5	1D:4D1B	5	4010	SEARCH
VermilionMart_h	17:49D5	1D:5EE9	5	4010	SEARCH
VermilionMart_h	17:49D5	10:6346	3	5450	SEARCH
VermilionMart_h	17:49D5	04:6399	2	0606	SEARCH
VermilionMart_h	17:49D5	11:4BAF	2	0404	SEARCH
VermilionMart_h	17:49D5	12:5118	2	0602	SEARCH
VermilionMart_h	17:49D5	1B:5E39	2	1818	SEARCH
VermilionMart_h	17:49D5	04:67B9	0	8686	SEARCH
VermilionMart_h	17:49D5	06:45C2	0	2714	SEARCH
VermilionMart_h	17:49D5	1E:4CC3	0	1F1B	SEARCH
VermilionGym_h	17:4A1A	12:48FE	5	4B83	SEARCH
VermilionGym_h	17:4A1A	17:4A18	5	4C33	SEARCH
VermilionGym_h	17:4A1A	1D:54AB	5	5722	SEARCH
VermilionGym_h	17:4A1A	11:4053	2	0708	SEARCH
CopycatsHouse2F_h	17:4C65	14:45AC	5	4604	SEARCH
CopycatsHouse2F_h	17:4C65	17:40A4	5	4010	SEARCH
CopycatsHouse2F_h	17:4C65	17:4C60	5	4010	SEARCH
CopycatsHouse2F_h	17:4C65	11:5999	3	7C04	SEARCH
CopycatsHouse2F_h	17:4C65	11:599A	3	4D7C	SEARCH
CopycatsHouse2F_h	17:4C65	14:4538	3	4604	SEARCH
CopycatsHouse2F_h	17:4C65	14:45B5	3	4746	SEARCH
CopycatsHouse2F_h	17:4C65	1B:6BCD	3	4019	SEARCH
CopycatsHouse2F_h	17:4C65	10:58D3	2	0408	SEARCH
CopycatsHouse2F_h	17:4C65	10:62E9	2	0004	SEARCH
CopycatsHouse2F_h	17:4C65	11:4961	2	0404	SEARCH
CopycatsHouse2F_h	17:4C65	11:4962	2	0404	SEARCH
CopycatsHouse2F_h	17:4C65	11:4963	2	0404	SEARCH
CopycatsHouse2F_h	17:4C65	11:4964	2	0404	SEARCH
CopycatsHouse2F_h	17:4C65	11:4965	2	1C04	SEARCH
CopycatsHouse2F_h	17:4C65	11:4966	2	021C	SEARCH
CopycatsHouse2F_h	17:4C65	11:4BB0	2	0404	SEARCH
CopycatsHouse2F_h	17:4C65	11:4BB1	2	0404	SEARCH
CopycatsHouse2F_h	17:4C65	11:4BB2	2	0404	SEARCH
CopycatsHouse2F_h	17:4C65	11:4BB3	2	0404	SEARCH
CopycatsHouse2F_h	17:4C65	11:4BB4	2	0404	SEARCH
CopycatsHouse2F_h	17:4C65	11:4BB6	2	0404	SEARCH
CopycatsHouse2F_h	17:4C65	11:4BB7	2	0A04	SEARCH
CopycatsHouse2F_h	17:4C65	14:4527	2	2C04	SEARCH
CopycatsHouse2F_h	17:4C65	14:4528	2	282C	SEARCH
CopycatsHouse2F_h	17:4C65	14:452E	2	0404	SEARCH
CopycatsHouse2F_h	17:4C65	14:452F	2	0404	SEARCH
CopycatsHouse2F_h	17:4C65	14:4530	2	0404	SEARCH
CopycatsHouse2F_h	17:4C65	14:4531	2	0404	SEARCH
CopycatsHouse2F_h	17:4C65	14:4532	2	0404	SEARCH
CopycatsHouse2F_h	17:4C65	14:4534	2	0404	SEARCH
CopycatsHouse2F_h	17:4C65	14:4535	2	0404	SEARCH
CopycatsHouse2F_h	17:4C65	14:4537	2	0404	SEARCH
CopycatsHouse2F_h	17:4C65	14:4539	2	0446	SEARCH
CopycatsHouse2F_h	17:4C65	14:4559	2	1804	SEARCH
CopycatsHouse2F_h	17:4C65	14:455A	2	1A18	SEARCH
CopycatsHouse2F_h	17:4C65	14:4563	2	3504	SEARCH
CopycatsHouse2F_h	17:4C65	14:4564	2	1735	SEARCH
CopycatsHouse2F_h	17:4C65	14:456D	2	1804	SEARCH
CopycatsHouse2F_h	17:4C65	14:45A0	2	282C	SEARCH
CopycatsHouse2F_h	17:4C65	14:45A6	2	0404	SEARCH
CopycatsHouse2F_h	17:4C65	14:45A8	2	0404	SEARCH
CopycatsHouse2F_h	17:4C65	14:45A9	2	0404	SEARCH
CopycatsHouse2F_h	17:4C65	14:45AA	2	0404	SEARCH
CopycatsHouse2F_h	17:4C65	14:45AD	2	0446	SEARCH
CopycatsHouse2F_h	17:4C65	18:531D	2	0404	SEARCH
CopycatsHouse2F_h	17:4C65	18:531E	2	0404	SEARCH
CopycatsHouse2F_h	17:4C65	18:531F	2	0404	SEARCH
CopycatsHouse2F_h	17:4C65	18:5320	2	0404	SEARCH
CopycatsHouse2F_h	17:4C65	18:5321	2	0404	SEARCH
CopycatsHouse2F_h	17:4C65	18:5322	2	0404	SEARCH
CopycatsHouse2F_h	17:4C65	18:5323	2	0404	SEARCH
CopycatsHouse2F_h	17:4C65	18:5324	2	0404	SEARCH
CopycatsHouse2F_h	17:4C65	18:5325	2	0404	SEARCH
CopycatsHouse2F_h	17:4C65	18:5326	2	0404	SEARCH
CopycatsHouse2F_h	17:4C65	18:5328	2	0404	SEARCH
CopycatsHouse2F_h	17:4C65	18:55E8	2	0404	SEARCH
CopycatsHouse2F_h	17:4C65	18:55E9	2	0404	SEARCH
CopycatsHouse2F_h	17:4C65	18:55EA	2	0404	SEARCH
CopycatsHouse2F_h	17:4C65	18:55EB	2	0404	SEARCH
CopycatsHouse2F_h	17:4C65	18:55EC	2	0404	SEARCH
CopycatsHouse2F_h	17:4C65	18:55ED	2	0404	SEARCH
CopycatsHouse2F_h	17:4C65	18:55EE	2	0404	SEARCH
CopycatsHouse2F_h	17:4C65	18:55EF	2	0404	SEARCH
CopycatsHouse2F_h	17:4C65	18:55F0	2	0404	SEARCH
CopycatsHouse2F_h	17:4C65	18:55F1	2	0404	SEARCH
CopycatsHouse2F_h	17:4C65	18:55F2	2	0404	SEARCH
CopycatsHouse2F_h	17:4C65	18:55F3	2	0404	SEARCH
CopycatsHouse2F_h	17:4C65	18:55F4	2	0404	SEARCH
CopycatsHouse2F_h	17:4C65	18:55F5	2	0D04	SEARCH
CopycatsHouse2F_h	17:4C65	18:55F6	2	0C0D	SEARCH
CopycatsHouse2F_h	17:4C65	18:5685	2	0404	SEARCH
CopycatsHouse2F_h	17:4C65	18:5686	2	0404	SEARCH
CopycatsHouse2F_h	17:4C65	18:5687	2	0404	SEARCH
CopycatsHouse2F_h	17:4C65	18:5689	2	0404	SEARCH
CopycatsHouse2F_h	17:4C65	18:568A	2	0404	SEARCH
CopycatsHouse2F_h	17:4C65	18:568B	2	0404	SEARCH
CopycatsHouse2F_h	17:4C65	18:568C	2	0404	SEARCH
CopycatsHouse2F_h	17:4C65	18:568D	2	3404	SEARCH
CopycatsHouse2F_h	17:4C65	18:568E	2	0D34	SEARCH
CopycatsHouse2F_h	17:4C65	18:5782	2	0D24	SEARCH
CopycatsHouse2F_h	17:4C65	19:5329	2	1414	SEARCH
CopycatsHouse2F_h	17:4C65	19:5A38	2	1404	SEARCH
CopycatsHouse2F_h	17:4C65	1A:4838	2	1414	SEARCH
CopycatsHouse2F_h	17:4C65	1A:485F	2	1404	SEARCH
CopycatsHouse2F_h	17:4C65	1A:4860	2	1414	SEARCH
CopycatsHouse2F_h	17:4C65	1A:5CB7	2	1404	SEARCH
CopycatsHouse2F_h	17:4C65	1A:5CB8	2	1414	SEARCH
CopycatsHouse2F_h	17:4C65	1A:64C1	2	FC04	SEARCH
CopycatsHouse2F_h	17:4C65	1B:5F29	2	1414	SEARCH
CopycatsHouse2F_h	17:4C65	1B:6970	2	0404	SEARCH
CopycatsHouse2F_h	17:4C65	1B:6971	2	0404	SEARCH
CopycatsHouse2F_h	17:4C65	1B:6972	2	0404	SEARCH
CopycatsHouse2F_h	17:4C65	1B:6973	2	0404	SEARCH
CopycatsHouse2F_h	17:4C65	1B:6974	2	0404	SEARCH
CopycatsHouse2F_h	17:4C65	1B:6975	2	0404	SEARCH
CopycatsHouse2F_h	17:4C65	1B:6976	2	0404	SEARCH
CopycatsHouse2F_h	17:4C65	1B:6977	2	0404	SEARCH
CopycatsHouse2F_h	17:4C65	1B:6978	2	0404	SEARCH
CopycatsHouse2F_h	17:4C65	1B:6979	2	0404	SEARCH
CopycatsHouse2F_h	17:4C65	1B:697A	2	0404	SEARCH
CopycatsHouse2F_h	17:4C65	1B:6A31	2	0423	SEARCH
CopycatsHouse2F_h	17:4C65	1B:6A35	2	0423	SEARCH
CopycatsHouse2F_h	17:4C65	1B:6A39	2	0423	SEARCH
CopycatsHouse2F_h	17:4C65	1B:6A3D	2	0101	SEARCH
CopycatsHouse2F_h	17:4C65	1B:6A90	2	0404	SEARCH
CopycatsHouse2F_h	17:4C65	1B:6A91	2	0404	SEARCH
CopycatsHouse2F_h	17:4C65	1B:6A92	2	0404	SEARCH
CopycatsHouse2F_h	17:4C65	1B:6A94	2	2304	SEARCH
CopycatsHouse2F_h	17:4C65	1B:6A95	2	0423	SEARCH
CopycatsHouse2F_h	17:4C65	1B:6A99	2	0423	SEARCH
CopycatsHouse2F_h	17:4C65	1B:6A9D	2	0404	SEARCH
CopycatsHouse2F_h	17:4C65	1B:6A9E	2	0404	SEARCH
CopycatsHouse2F_h	17:4C65	1B:6A9F	2	0404	SEARCH
CopycatsHouse2F_h	17:4C65	1B:6AA0	2	0404	SEARCH
CopycatsHouse2F_h	17:4C65	1B:6AA3	2	0404	SEARCH
CopycatsHouse2F_h	17:4C65	1B:6AA4	2	0404	SEARCH
CopycatsHouse2F_h	17:4C65	1B:6AB9	2	0423	SEARCH
CopycatsHouse2F_h	17:4C65	1B:6AD9	2	0423	SEARCH
CopycatsHouse2F_h	17:4C65	1B:6B74	2	0404	SEARCH
CopycatsHouse2F_h	17:4C65	1B:6B75	2	0404	SEARCH
CopycatsHouse2F_h	17:4C65	1B:6B76	2	0404	SEARCH
CopycatsHouse2F_h	17:4C65	1B:6BC1	2	0404	SEARCH
CopycatsHouse2F_h	17:4C65	1B:6BC2	2	0404	SEARCH
CopycatsHouse2F_h	17:4C65	1B:6BC3	2	0404	SEARCH
CopycatsHouse2F_h	17:4C65	1B:6BC4	2	0404	SEARCH
CopycatsHouse2F_h	17:4C65	1B:6BC5	2	0404	SEARCH
CopycatsHouse2F_h	17:4C65	1B:6BC6	2	0404	SEARCH
CopycatsHouse2F_h	17:4C65	1B:6C70	2	0404	SEARCH
CopycatsHouse2F_h	17:4C65	1B:6C73	2	0404	SEARCH
CopycatsHouse2F_h	17:4C65	1B:6C74	2	0404	SEARCH
CopycatsHouse2F_h	17:4C65	1B:6C77	2	2A29	SEARCH
CopycatsHouse2F_h	17:4C65	04:5B71	0	0404	SEARCH
CopycatsHouse2F_h	17:4C65	04:5B72	0	0704	SEARCH
CopycatsHouse2F_h	17:4C65	04:5B73	0	0007	SEARCH
CopycatsHouse2F_h	17:4C65	10:628C	0	0800	SEARCH
CopycatsHouse2F_h	17:4C65	10:62E8	0	0404	SEARCH
CopycatsHouse2F_h	17:4C65	10:62EA	0	0200	SEARCH
CopycatsHouse2F_h	17:4C65	10:6433	0	0004	SEARCH
CopycatsHouse2F_h	17:4C65	10:6434	0	0200	SEARCH
CopycatsHouse2F_h	17:4C65	11:4BB5	0	0404	SEARCH
CopycatsHouse2F_h	17:4C65	11:4BB8	0	040A	SEARCH
CopycatsHouse2F_h	17:4C65	11:5997	0	0404	SEARCH
CopycatsHouse2F_h	17:4C65	11:5998	0	0404	SEARCH
CopycatsHouse2F_h	17:4C65	12:58CF	0	0405	SEARCH
CopycatsHouse2F_h	17:4C65	14:4533	0	0404	SEARCH
CopycatsHouse2F_h	17:4C65	14:4536	0	0404	SEARCH
CopycatsHouse2F_h	17:4C65	14:4542	0	1804	SEARCH
CopycatsHouse2F_h	17:4C65	14:4543	0	1A18	SEARCH
CopycatsHouse2F_h	17:4C65	14:4558	0	0404	SEARCH
CopycatsHouse2F_h	17:4C65	14:4562	0	0404	SEARCH
CopycatsHouse2F_h	17:4C65	14:456C	0	0404	SEARCH
CopycatsHouse2F_h	17:4C65	14:456E	0	1A18	SEARCH
CopycatsHouse2F_h	17:4C65	14:457E	0	1238	SEARCH
CopycatsHouse2F_h	17:4C65	14:458C	0	1735	SEARCH
CopycatsHouse2F_h	17:4C65	14:4596	0	1A18	SEARCH
CopycatsHouse2F_h	17:4C65	14:45A7	0	0404	SEARCH
CopycatsHouse2F_h	17:4C65	14:45AB	0	0404	SEARCH
CopycatsHouse2F_h	17:4C65	14:45B1	0	0447	SEARCH
CopycatsHouse2F_h	17:4C65	16:5FA8	0	FF08	SEARCH
CopycatsHouse2F_h	17:4C65	18:5327	0	0404	SEARCH
CopycatsHouse2F_h	17:4C65	18:5329	0	0404	SEARCH
CopycatsHouse2F_h	17:4C65	18:532A	0	0D04	SEARCH
CopycatsHouse2F_h	17:4C65	18:532B	0	0E0D	SEARCH
CopycatsHouse2F_h	17:4C65	18:5688	0	0404	SEARCH
CopycatsHouse2F_h	17:4C65	18:5781	0	2404	SEARCH
CopycatsHouse2F_h	17:4C65	18:5796	0	0C0D	SEARCH
CopycatsHouse2F_h	17:4C65	19:4F13	0	04FC	SEARCH
CopycatsHouse2F_h	17:4C65	19:5328	0	1404	SEARCH
CopycatsHouse2F_h	17:4C65	19:54D3	0	04FC	SEARCH
CopycatsHouse2F_h	17:4C65	19:5A39	0	1414	SEARCH
CopycatsHouse2F_h	17:4C65	19:6578	0	1404	SEARCH
CopycatsHouse2F_h	17:4C65	19:6579	0	1414	SEARCH
CopycatsHouse2F_h	17:4C65	19:65A8	0	1404	SEARCH
CopycatsHouse2F_h	17:4C65	19:65A9	0	1414	SEARCH
CopycatsHouse2F_h	17:4C65	19:7123	0	04FC	SEARCH
CopycatsHouse2F_h	17:4C65	1A:4837	0	1404	SEARCH
CopycatsHouse2F_h	17:4C65	1A:487F	0	1404	SEARCH
CopycatsHouse2F_h	17:4C65	1A:4880	0	1414	SEARCH
CopycatsHouse2F_h	17:4C65	1A:5221	0	0404	SEARCH
CopycatsHouse2F_h	17:4C65	1A:5222	0	0404	SEARCH
CopycatsHouse2F_h	17:4C65	1A:5223	0	FC04	SEARCH
CopycatsHouse2F_h	17:4C65	1A:5224	0	04FC	SEARCH
CopycatsHouse2F_h	17:4C65	1A:5742	0	04FC	SEARCH
CopycatsHouse2F_h	17:4C65	1A:64C2	0	FCFC	SEARCH
CopycatsHouse2F_h	17:4C65	1B:5F28	0	1404	SEARCH
CopycatsHouse2F_h	17:4C65	1B:6278	0	1404	SEARCH
CopycatsHouse2F_h	17:4C65	1B:6279	0	1414	SEARCH
CopycatsHouse2F_h	17:4C65	1B:6360	0	1404	SEARCH
CopycatsHouse2F_h	17:4C65	1B:6361	0	1414	SEARCH
CopycatsHouse2F_h	17:4C65	1B:697B	0	0404	SEARCH
CopycatsHouse2F_h	17:4C65	1B:697C	0	0104	SEARCH
CopycatsHouse2F_h	17:4C65	1B:697D	0	0101	SEARCH
CopycatsHouse2F_h	17:4C65	1B:6A93	0	0404	SEARCH
CopycatsHouse2F_h	17:4C65	1B:6AA1	0	0404	SEARCH
CopycatsHouse2F_h	17:4C65	1B:6AA2	0	0404	SEARCH
CopycatsHouse2F_h	17:4C65	1B:6AA5	0	0404	SEARCH
CopycatsHouse2F_h	17:4C65	1B:6AA6	0	2704	SEARCH
CopycatsHouse2F_h	17:4C65	1B:6AA7	0	2827	SEARCH
CopycatsHouse2F_h	17:4C65	1B:6ABD	0	0101	SEARCH
CopycatsHouse2F_h	17:4C65	1B:6ADD	0	1D0D	SEARCH
CopycatsHouse2F_h	17:4C65	1B:6B08	0	0404	SEARCH
CopycatsHouse2F_h	17:4C65	1B:6B09	0	0404	SEARCH
CopycatsHouse2F_h	17:4C65	1B:6B0A	0	0404	SEARCH
CopycatsHouse2F_h	17:4C65	1B:6B0B	0	0404	SEARCH
CopycatsHouse2F_h	17:4C65	1B:6B0C	0	1404	SEARCH
CopycatsHouse2F_h	17:4C65	1B:6B0D	0	1414	SEARCH
CopycatsHouse2F_h	17:4C65	1B:6B2D	0	2F2E	SEARCH
CopycatsHouse2F_h	17:4C65	1B:6B51	0	0423	SEARCH
CopycatsHouse2F_h	17:4C65	1B:6B55	0	2F2E	SEARCH
CopycatsHouse2F_h	17:4C65	1B:6B77	0	0404	SEARCH
CopycatsHouse2F_h	17:4C65	1B:6B78	0	0404	SEARCH
CopycatsHouse2F_h	17:4C65	1B:6B79	0	0404	SEARCH
CopycatsHouse2F_h	17:4C65	1B:6B7A	0	0404	SEARCH
CopycatsHouse2F_h	17:4C65	1B:6B7B	0	0404	SEARCH
CopycatsHouse2F_h	17:4C65	1B:6B7C	0	2E04	SEARCH
CopycatsHouse2F_h	17:4C65	1B:6B7D	0	2F2E	SEARCH
CopycatsHouse2F_h	17:4C65	1B:6BC7	0	0404	SEARCH
CopycatsHouse2F_h	17:4C65	1B:6BC8	0	0404	SEARCH
CopycatsHouse2F_h	17:4C65	1B:6BC9	0	0404	SEARCH
CopycatsHouse2F_h	17:4C65	1B:6BCA	0	0404	SEARCH
CopycatsHouse2F_h	17:4C65	1B:6BCB	0	0404	SEARCH
CopycatsHouse2F_h	17:4C65	1B:6BCC	0	1904	SEARCH
CopycatsHouse2F_h	17:4C65	1B:6C71	0	0404	SEARCH
CopycatsHouse2F_h	17:4C65	1B:6C72	0	0404	SEARCH
CopycatsHouse2F_h	17:4C65	1B:6C75	0	0404	SEARCH
CopycatsHouse2F_h	17:4C65	1B:6C76	0	2904	SEARCH
CopycatsHouse2F_h	17:4C65	1B:6E0D	0	0000	SEARCH
CopycatsHouse2F_h	17:4C65	1B:7882	0	0404	SEARCH
CopycatsHouse2F_h	17:4C65	1B:7883	0	0404	SEARCH
CopycatsHouse2F_h	17:4C65	1B:7884	0	FC04	SEARCH
CopycatsHouse2F_h	17:4C65	1B:7885	0	04FC	SEARCH
FightingDojo_h	17:4D51	07:4B02	5	41C0	SEARCH
FightingDojo_h	17:4D51	17:4D4C	5	4FDE	SEARCH
FightingDojo_h	17:4D51	03:6B61	2	0B0C	SEARCH
FightingDojo_h	17:4D51	11:5E7E	2	050E	SEARCH
FightingDojo_h	17:4D51	1A:7441	2	0506	SEARCH
FightingDojo_h	17:4D51	1A:7443	2	0506	SEARCH
FightingDojo_h	17:4D51	1A:7445	2	0506	SEARCH
FightingDojo_h	17:4D51	1A:78AF	2	1506	SEARCH
FightingDojo_h	17:4D51	1B:4A80	2	1506	SEARCH
FightingDojo_h	17:4D51	1B:4AB8	2	1506	SEARCH
FightingDojo_h	17:4D51	1B:4AE0	2	1506	SEARCH
FightingDojo_h	17:4D51	1B:4AE8	2	1506	SEARCH
FightingDojo_h	17:4D51	1B:4B20	2	1506	SEARCH
FightingDojo_h	17:4D51	1B:4B78	2	1506	SEARCH
FightingDojo_h	17:4D51	1B:4C38	2	1506	SEARCH
FightingDojo_h	17:4D51	1B:4C48	2	1506	SEARCH
FightingDojo_h	17:4D51	1B:4C50	2	1506	SEARCH
FightingDojo_h	17:4D51	1B:4C60	2	1506	SEARCH
FightingDojo_h	17:4D51	11:5EDE	0	0E05	SEARCH
FightingDojo_h	17:4D51	1A:7447	0	0506	SEARCH
FightingDojo_h	17:4D51	1A:7449	0	0506	SEARCH
FightingDojo_h	17:4D51	1A:744B	0	FF06	SEARCH
SaffronGym_h	17:5001	17:4FFC	5	539F	SEARCH
SaffronGym_h	17:5001	1D:57B6	5	5B9D	SEARCH
SaffronGym_h	17:5001	1B:4AEF	2	0605	SEARCH
SaffronGym_h	17:5001	1B:4AF7	2	0A09	SEARCH
SaffronGym_h	17:5001	1B:4B27	2	0A09	SEARCH
SaffronGym_h	17:5001	1B:4B67	2	0605	SEARCH
SaffronGym_h	17:5001	1B:4B6F	2	0A09	SEARCH
SaffronGym_h	17:5001	1B:4B7F	2	0A09	SEARCH
SaffronGym_h	17:5001	1B:4B8F	2	0A09	SEARCH
SaffronGym_h	17:5001	1B:4BA7	2	0101	SEARCH
SaffronGym_h	17:5001	1B:4BCF	2	0A09	SEARCH
SaffronGym_h	17:5001	1B:4BE7	2	0A09	SEARCH
SaffronGym_h	17:5001	1B:4BFF	2	0A09	SEARCH
SaffronGym_h	17:5001	1B:4C7F	2	0101	SEARCH
SaffronGym_h	17:5001	1B:46FF	0	0A09	SEARCH
SaffronGym_h	17:5001	1B:4C6F	0	0A09	SEARCH
SaffronMart_h	17:53FD	07:5462	5	5530	SEARCH
SaffronMart_h	17:53FD	07:5D7D	5	5DC2	SEARCH
SaffronMart_h	17:53FD	17:4887	5	4000	SEARCH
SaffronMart_h	17:53FD	17:491E	5	4000	SEARCH
SaffronMart_h	17:53FD	17:49D3	5	4000	SEARCH
SaffronMart_h	17:53FD	17:53F9	5	4000	SEARCH
SaffronMart_h	17:53FD	1D:4D1B	5	4010	SEARCH
SaffronMart_h	17:53FD	1D:5EE9	5	4010	SEARCH
SaffronMart_h	17:53FD	10:6346	3	5450	SEARCH
SaffronMart_h	17:53FD	04:6399	2	0606	SEARCH
SaffronMart_h	17:53FD	11:4BAF	2	0404	SEARCH
SaffronMart_h	17:53FD	12:5118	2	0602	SEARCH
SaffronMart_h	17:53FD	1B:5E39	2	1818	SEARCH
SaffronMart_h	17:53FD	04:67B9	0	8686	SEARCH
SaffronMart_h	17:53FD	06:45C2	0	2714	SEARCH
SaffronMart_h	17:53FD	1E:4CC3	0	1F1B	SEARCH
SilphCo1F_h	17:5442	06:5D04	5	5EA9	SEARCH
SilphCo1F_h	17:5442	06:5F30	5	611B	SEARCH
SilphCo1F_h	17:5442	14:61E1	5	6325	SEARCH
SilphCo1F_h	17:5442	16:5CE5	5	5EC8	SEARCH
SilphCo1F_h	17:5442	16:5F4F	5	60A6	SEARCH
SilphCo1F_h	17:5442	17:543E	5	549E	SEARCH
SaffronPokecenter_h	17:5529	11:4251	5	40DF	SEARCH
SaffronPokecenter_h	17:5529	12:48AC	5	40AB	SEARCH
SaffronPokecenter_h	17:5529	12:525F	5	52A9	SEARCH
SaffronPokecenter_h	17:5529	12:52C5	5	40AB	SEARCH
SaffronPokecenter_h	17:5529	12:53B0	5	40AB	SEARCH
SaffronPokecenter_h	17:5529	17:457B	5	4064	SEARCH
SaffronPokecenter_h	17:5529	17:4639	5	468B	SEARCH
SaffronPokecenter_h	17:5529	17:48CC	5	4064	SEARCH
SaffronPokecenter_h	17:5529	17:4981	5	4064	SEARCH
SaffronPokecenter_h	17:5529	17:5525	5	4064	SEARCH
SaffronPokecenter_h	17:5529	1D:50D1	5	4030	SEARCH
SaffronPokecenter_h	17:5529	1D:5E97	5	4030	SEARCH
ViridianForestNorthGate_h	17:557B	17:5577	5	4090	SEARCH
ViridianForestNorthGate_h	17:557B	17:564C	5	4090	SEARCH
ViridianForestNorthGate_h	17:557B	12:46E6	2	0504	SEARCH
Route2Gate_h	17:55C8	07:6678	5	674B	SEARCH
Route2Gate_h	17:55C8	12:54FA	5	5542	SEARCH
Route2Gate_h	17:55C8	17:55C4	5	4090	SEARCH
ViridianForestSouthGate_h	17:5650	17:5577	5	4090	SEARCH
ViridianForestSouthGate_h	17:5650	17:564C	5	4090	SEARCH
ViridianForestSouthGate_h	17:5650	12:46E6	2	0504	SEARCH
UndergroundPathRoute5_h	17:569D	07:627E	5	41B0	SEARCH
UndergroundPathRoute5_h	17:569D	11:5CE1	5	40FB	SEARCH
UndergroundPathRoute5_h	17:569D	11:5D1E	5	40FB	SEARCH
UndergroundPathRoute5_h	17:569D	11:5D69	5	40FB	SEARCH
UndergroundPathRoute5_h	17:569D	11:5DB4	5	40FB	SEARCH
UndergroundPathRoute5_h	17:569D	12:544A	5	40DB	SEARCH
UndergroundPathRoute5_h	17:569D	12:5556	5	40DB	SEARCH
UndergroundPathRoute5_h	17:569D	12:5640	5	40DB	SEARCH
UndergroundPathRoute5_h	17:569D	12:5801	5	40DB	SEARCH
UndergroundPathRoute5_h	17:569D	12:596B	5	40DB	SEARCH
UndergroundPathRoute5_h	17:569D	17:5699	5	4080	SEARCH
UndergroundPathRoute5_h	17:569D	17:56DF	5	4080	SEARCH
UndergroundPathRoute5_h	17:569D	17:571C	5	4080	SEARCH
UndergroundPathRoute5_h	17:569D	17:5759	5	4080	SEARCH
UndergroundPathRoute5_h	17:569D	1E:486F	0	0808	SEARCH
UndergroundPathRoute6_h	17:56E3	07:627E	5	41B0	SEARCH
UndergroundPathRoute6_h	17:56E3	11:5CE1	5	40FB	SEARCH
UndergroundPathRoute6_h	17:56E3	11:5D1E	5	40FB	SEARCH
UndergroundPathRoute6_h	17:56E3	11:5D69	5	40FB	SEARCH
UndergroundPathRoute6_h	17:56E3	11:5DB4	5	40FB	SEARCH
UndergroundPathRoute6_h	17:56E3	12:544A	5	40DB	SEARCH
UndergroundPathRoute6_h	17:56E3	12:5556	5	40DB	SEARCH
UndergroundPathRoute6_h	17:56E3	12:5640	5	40DB	SEARCH
UndergroundPathRoute6_h	17:56E3	12:5801	5	40DB	SEARCH
UndergroundPathRoute6_h	17:56E3	12:596B	5	40DB	SEARCH
UndergroundPathRoute6_h	17:56E3	17:5699	5	4080	SEARCH
UndergroundPathRoute6_h	17:56E3	17:56DF	5	4080	SEARCH
UndergroundPathRoute6_h	17:56E3	17:571C	5	4080	SEARCH
UndergroundPathRoute6_h	17:56E3	17:5759	5	4080	SEARCH
UndergroundPathRoute6_h	17:56E3	1E:486F	0	0808	SEARCH
UndergroundPathRoute7_h	17:5720	07:627E	5	41B0	SEARCH
UndergroundPathRoute7_h	17:5720	11:5CE1	5	40FB	SEARCH
UndergroundPathRoute7_h	17:5720	11:5D1E	5	40FB	SEARCH
UndergroundPathRoute7_h	17:5720	11:5D69	5	40FB	SEARCH
UndergroundPathRoute7_h	17:5720	11:5DB4	5	40FB	SEARCH
UndergroundPathRoute7_h	17:5720	12:544A	5	40DB	SEARCH
UndergroundPathRoute7_h	17:5720	12:5556	5	40DB	SEARCH
UndergroundPathRoute7_h	17:5720	12:5640	5	40DB	SEARCH
UndergroundPathRoute7_h	17:5720	12:5801	5	40DB	SEARCH
UndergroundPathRoute7_h	17:5720	12:596B	5	40DB	SEARCH
UndergroundPathRoute7_h	17:5720	17:5699	5	4080	SEARCH
UndergroundPathRoute7_h	17:5720	17:56DF	5	4080	SEARCH
UndergroundPathRoute7_h	17:5720	17:571C	5	4080	SEARCH
UndergroundPathRoute7_h	17:5720	17:5759	5	4080	SEARCH
UndergroundPathRoute7_h	17:5720	1E:486F	0	0808	SEARCH
SilphCo9F_h	17:57AF	06:61A2	5	6370	SEARCH
SilphCo9F_h	17:57AF	14:5B54	5	5F56	SEARCH
SilphCo9F_h	17:57AF	15:64F8	5	666D	SEARCH
SilphCo9F_h	17:57AF	17:57AB	5	5985	SEARCH
VictoryRoad1F_h	17:59FE	17:59FA	5	5B00	SEARCH
VictoryRoad1F_h	17:59FE	1A:4D3E	2	0A09	SEARCH
VictoryRoad1F_h	17:59FE	1B:45DF	2	0A09	SEARCH
VictoryRoad1F_h	17:59FE	1B:45F7	2	0A09	SEARCH
VictoryRoad1F_h	17:59FE	1B:4609	2	1111	SEARCH
VictoryRoad1F_h	17:59FE	1B:461F	2	0A09	SEARCH
VictoryRoad1F_h	17:59FE	1B:4651	2	1111	SEARCH
VictoryRoad1F_h	17:59FE	1B:4681	2	1111	SEARCH
VictoryRoad1F_h	17:59FE	1B:4697	2	1111	SEARCH
VictoryRoad1F_h	17:59FE	1B:46C1	2	1111	SEARCH
VictoryRoad1F_h	17:59FE	1B:4709	2	1111	SEARCH
VictoryRoad1F_h	17:59FE	1B:4997	2	1111	SEARCH
VictoryRoad1F_h	17:59FE	1B:4647	0	0A09	SEARCH
VictoryRoad1F_h	17:59FE	1B:4689	0	1111	SEARCH
VictoryRoad1F_h	17:59FE	1B:4989	0	1111	SEARCH
VictoryRoad1F_h	17:59FE	1B:499F	0	1111	SEARCH
PokemonTower1F_h	18:4420	18:4420	5	448C	MANIFEST+SEARCH
PokemonTower1F_h	18:4420	18:44E6	5	4666	SEARCH
PokemonTower1F_h	18:4420	18:46C0	5	4790	SEARCH
PokemonTower1F_h	18:4420	18:47EA	5	48CC	SEARCH
PokemonTower1F_h	18:4420	18:4926	5	4A89	SEARCH
PokemonTower1F_h	18:4420	18:4AE3	5	4C95	SEARCH
PokemonTower1F_h	18:4420	18:4CF9	5	4F20	SEARCH
PokemonTower1F_h	18:4420	16:4AFC	0	0011	SEARCH
PokemonTower1F_h	18:4420	1B:4849	0	1F1F	SEARCH
PokemonTower2F_h	18:44E6	18:44E6	5	4666	MANIFEST+SEARCH
PokemonTower2F_h	18:44E6	18:4420	5	448C	SEARCH
PokemonTower2F_h	18:44E6	18:46C0	5	4790	SEARCH
PokemonTower2F_h	18:44E6	18:47EA	5	48CC	SEARCH
PokemonTower2F_h	18:44E6	18:4926	5	4A89	SEARCH
PokemonTower2F_h	18:44E6	18:4AE3	5	4C95	SEARCH
PokemonTower2F_h	18:44E6	18:4CF9	5	4F20	SEARCH
PokemonTower2F_h	18:44E6	16:4AFC	0	0011	SEARCH
PokemonTower2F_h	18:44E6	1B:4849	0	1F1F	SEARCH
PokemonTower3F_h	18:46C0	18:46C0	5	4790	MANIFEST+SEARCH
PokemonTower3F_h	18:46C0	18:4420	5	448C	SEARCH
PokemonTower3F_h	18:46C0	18:44E6	5	4666	SEARCH
PokemonTower3F_h	18:46C0	18:47EA	5	48CC	SEARCH
PokemonTower3F_h	18:46C0	18:4926	5	4A89	SEARCH
PokemonTower3F_h	18:46C0	18:4AE3	5	4C95	SEARCH
PokemonTower3F_h	18:46C0	18:4CF9	5	4F20	SEARCH
PokemonTower3F_h	18:46C0	16:4AFC	0	0011	SEARCH
PokemonTower3F_h	18:46C0	1B:4849	0	1F1F	SEARCH
PokemonTower4F_h	18:47EA	18:47EA	5	48CC	MANIFEST+SEARCH
PokemonTower4F_h	18:47EA	18:4420	5	448C	SEARCH
PokemonTower4F_h	18:47EA	18:44E6	5	4666	SEARCH
PokemonTower4F_h	18:47EA	18:46C0	5	4790	SEARCH
PokemonTower4F_h	18:47EA	18:4926	5	4A89	SEARCH
PokemonTower4F_h	18:47EA	18:4AE3	5	4C95	SEARCH
PokemonTower4F_h	18:47EA	18:4CF9	5	4F20	SEARCH
PokemonTower4F_h	18:47EA	16:4AFC	0	0011	SEARCH
PokemonTower4F_h	18:47EA	1B:4849	0	1F1F	SEARCH
PokemonTower5F_h	18:4926	18:4926	5	4A89	MANIFEST+SEARCH
PokemonTower5F_h	18:4926	18:4420	5	448C	SEARCH
PokemonTower5F_h	18:4926	18:44E6	5	4666	SEARCH
PokemonTower5F_h	18:4926	18:46C0	5	4790	SEARCH
PokemonTower5F_h	18:4926	18:47EA	5	48CC	SEARCH
PokemonTower5F_h	18:4926	18:4AE3	5	4C95	SEARCH
PokemonTower5F_h	18:4926	18:4CF9	5	4F20	SEARCH
PokemonTower5F_h	18:4926	16:4AFC	0	0011	SEARCH
PokemonTower5F_h	18:4926	1B:4849	0	1F1F	SEARCH
PokemonTower6F_h	18:4AE3	18:4AE3	5	4C95	MANIFEST+SEARCH
PokemonTower6F_h	18:4AE3	18:4420	5	448C	SEARCH
PokemonTower6F_h	18:4AE3	18:44E6	5	4666	SEARCH
PokemonTower6F_h	18:4AE3	18:46C0	5	4790	SEARCH
PokemonTower6F_h	18:4AE3	18:47EA	5	48CC	SEARCH
PokemonTower6F_h	18:4AE3	18:4926	5	4A89	SEARCH
PokemonTower6F_h	18:4AE3	18:4CF9	5	4F20	SEARCH
PokemonTower6F_h	18:4AE3	16:4AFC	0	0011	SEARCH
PokemonTower6F_h	18:4AE3	1B:4849	0	1F1F	SEARCH
PokemonTower7F_h	18:4CF9	18:4CF9	5	4F20	MANIFEST+SEARCH
PokemonTower7F_h	18:4CF9	18:4420	5	448C	SEARCH
PokemonTower7F_h	18:4CF9	18:44E6	5	4666	SEARCH
PokemonTower7F_h	18:4CF9	18:46C0	5	4790	SEARCH
PokemonTower7F_h	18:4CF9	18:47EA	5	48CC	SEARCH
PokemonTower7F_h	18:4CF9	18:4926	5	4A89	SEARCH
PokemonTower7F_h	18:4CF9	18:4AE3	5	4C95	SEARCH
PokemonTower7F_h	18:4CF9	16:4AFC	0	0011	SEARCH
PokemonTower7F_h	18:4CF9	1B:4849	0	1F1F	SEARCH
CeladonMart1F_h	18:4F7A	18:4F7A	5	4FDE	MANIFEST+SEARCH
CeladonMart1F_h	18:4F7A	12:4219	5	4322	SEARCH
CeladonMart1F_h	18:4F7A	12:434A	5	43A1	SEARCH
CeladonMart1F_h	18:4F7A	12:43C9	5	45CC	SEARCH
CeladonMart1F_h	18:4F7A	12:505F	5	50BE	SEARCH
CeladonMart1F_h	18:4F7A	15:60E9	5	6148	SEARCH
ViridianForest_h	18:5101	18:5101	5	4000	MANIFEST+SEARCH
SSAnne1F_h	18:5259	18:5259	5	52DF	MANIFEST+SEARCH
SSAnne1F_h	18:5259	18:5393	5	556E	SEARCH
SSAnne1F_h	18:5259	11:6E06	2	1807	SEARCH
SSAnne2F_h	18:5393	18:5393	5	556E	MANIFEST+SEARCH
SSAnne2F_h	18:5393	18:5259	5	52DF	SEARCH
SSAnne2F_h	18:5393	11:6E06	2	1807	SEARCH
SSAnneB1F_h	18:5622	18:5622	5	5666	MANIFEST+SEARCH
SSAnneBow_h	18:56A2	18:56A2	5	5761	MANIFEST+SEARCH
SSAnneBow_h	18:56A2	11:5E77	2	0F0F	SEARCH
SSAnneKitchen_h	18:57A7	18:57A7	5	5851	MANIFEST+SEARCH
SSAnneKitchen_h	18:57A7	07:62A9	2	FFFF	SEARCH
SSAnneCaptainsRoom_h	18:5889	18:5889	5	595E	MANIFEST+SEARCH
SSAnneCaptainsRoom_h	18:5889	17:4834	2	0DFF	SEARCH
SSAnne1FRooms_h	18:596A	18:596A	5	5ADF	MANIFEST+SEARCH
SSAnne1FRooms_h	18:596A	18:5B3F	5	43C0	SEARCH
SSAnne1FRooms_h	18:596A	18:5D49	5	43C0	SEARCH
SSAnne1FRooms_h	18:596A	17:567D	0	D2FF	SEARCH
SSAnne2FRooms_h	18:5B3F	18:5B3F	5	43C0	MANIFEST+SEARCH
SSAnne2FRooms_h	18:5B3F	18:596A	5	5ADF	SEARCH
SSAnne2FRooms_h	18:5B3F	18:5D49	5	43C0	SEARCH
SSAnne2FRooms_h	18:5B3F	17:567D	0	D2FF	SEARCH
SSAnneB1FRooms_h	18:5D49	18:5D49	5	43C0	MANIFEST+SEARCH
SSAnneB1FRooms_h	18:5D49	18:596A	5	5ADF	SEARCH
SSAnneB1FRooms_h	18:5D49	18:5B3F	5	43C0	SEARCH
SSAnneB1FRooms_h	18:5D49	17:567D	0	D2FF	SEARCH
UndergroundPathNorthSouth_h	18:5F1A	18:5F1A	5	4198	MANIFEST+SEARCH
UndergroundPathNorthSouth_h	18:5F1A	18:51FD	2	2D0C	SEARCH
UndergroundPathWestEast_h	18:5F3E	18:5F3E	5	41F4	MANIFEST+SEARCH
DiglettsCave_h	18:5F62	18:5F62	5	5F86	MANIFEST+SEARCH
DiglettsCave_h	18:5F62	11:44D0	5	4675	SEARCH
DiglettsCave_h	18:5F62	11:5FDF	5	61A1	SEARCH
DiglettsCave_h	18:5F62	12:59BE	5	5B99	SEARCH
DiglettsCave_h	18:5F62	12:5D01	5	6043	SEARCH
SilphCo11F_h	18:60EE	18:60EE	5	63C8	MANIFEST+SEARCH
ViridianGym_h	1D:4897	1D:4912	5	4CC1	SEARCH
ViridianGym_h	1D:4897	1D:4CA4	0	D0FF	SEARCH
PewterMart_h	1D:4CA1	07:5462	5	5530	SEARCH
PewterMart_h	1D:4CA1	07:5D7D	5	5DC2	SEARCH
PewterMart_h	1D:4CA1	17:4887	5	4000	SEARCH
PewterMart_h	1D:4CA1	17:491E	5	4000	SEARCH
PewterMart_h	1D:4CA1	17:49D3	5	4000	SEARCH
PewterMart_h	1D:4CA1	17:53F9	5	4000	SEARCH
PewterMart_h	1D:4CA1	1D:4D1B	5	4010	SEARCH
PewterMart_h	1D:4CA1	1D:5EE9	5	4010	SEARCH
PewterMart_h	1D:4CA1	10:6346	3	5450	SEARCH
PewterMart_h	1D:4CA1	04:6399	2	0606	SEARCH
PewterMart_h	1D:4CA1	11:4BAF	2	0404	SEARCH
PewterMart_h	1D:4CA1	12:5118	2	0602	SEARCH
PewterMart_h	1D:4CA1	1B:5E39	2	1818	SEARCH
PewterMart_h	1D:4CA1	04:67B9	0	8686	SEARCH
PewterMart_h	1D:4CA1	06:45C2	0	2714	SEARCH
PewterMart_h	1D:4CA1	1E:4CC3	0	1F1B	SEARCH
CeruleanCave1F_h	1D:4D00	11:47DD	5	489F	SEARCH
CeruleanCave1F_h	1D:4D00	11:4974	5	4B37	SEARCH
CeruleanCave1F_h	1D:4D00	11:5DFF	5	5E5D	SEARCH
CeruleanCave1F_h	1D:4D00	11:5EE4	5	5F58	SEARCH
CeruleanCave1F_h	1D:4D00	11:6309	5	63BE	SEARCH
CeruleanCave1F_h	1D:4D00	11:6445	5	64FA	SEARCH
CeruleanCave1F_h	1D:4D00	11:6581	5	6706	SEARCH
CeruleanCave1F_h	1D:4D00	11:678D	5	68FA	SEARCH
CeruleanCave1F_h	1D:4D00	14:5790	5	59AE	SEARCH
CeruleanCave1F_h	1D:4D00	1D:4D7A	5	4DF0	SEARCH
CeruleanBadgeHouse_h	1D:4DFD	15:6170	5	523F	SEARCH
CeruleanBadgeHouse_h	1D:4DFD	1D:4E77	5	404C	SEARCH
CeruleanBadgeHouse_h	1D:4DFD	1B:6C6F	2	0404	SEARCH
CeruleanBadgeHouse_h	1D:4DFD	1D:5C48	0	0511	SEARCH
FuchsiaBillsGrandpasHouse_h	1D:500C	06:5B34	5	5BFB	SEARCH
FuchsiaBillsGrandpasHouse_h	1D:500C	06:5C0B	5	5C44	SEARCH
FuchsiaBillsGrandpasHouse_h	1D:500C	07:5540	5	41EE	SEARCH
FuchsiaBillsGrandpasHouse_h	1D:500C	07:557D	5	41DE	SEARCH
FuchsiaBillsGrandpasHouse_h	1D:500C	07:55E7	5	41DE	SEARCH
FuchsiaBillsGrandpasHouse_h	1D:500C	07:563C	5	41DE	SEARCH
FuchsiaBillsGrandpasHouse_h	1D:500C	07:5679	5	41FE	SEARCH
FuchsiaBillsGrandpasHouse_h	1D:500C	07:56EA	5	41DE	SEARCH
FuchsiaBillsGrandpasHouse_h	1D:500C	07:589D	5	41DE	SEARCH
FuchsiaBillsGrandpasHouse_h	1D:500C	07:59A3	5	41DE	SEARCH
FuchsiaBillsGrandpasHouse_h	1D:500C	07:5A07	5	41DE	SEARCH
FuchsiaBillsGrandpasHouse_h	1D:500C	07:5AF1	5	41DE	SEARCH
FuchsiaBillsGrandpasHouse_h	1D:500C	07:5D2F	5	41EE	SEARCH
FuchsiaBillsGrandpasHouse_h	1D:500C	07:5DD2	5	41DE	SEARCH
FuchsiaBillsGrandpasHouse_h	1D:500C	07:5E31	5	41DE	SEARCH
FuchsiaBillsGrandpasHouse_h	1D:500C	07:5EE2	5	41DE	SEARCH
FuchsiaBillsGrandpasHouse_h	1D:500C	07:65ED	5	41DE	SEARCH
FuchsiaBillsGrandpasHouse_h	1D:500C	15:6064	5	522F	SEARCH
FuchsiaBillsGrandpasHouse_h	1D:500C	15:6243	5	522F	SEARCH
FuchsiaBillsGrandpasHouse_h	1D:500C	15:6473	5	522F	SEARCH
FuchsiaBillsGrandpasHouse_h	1D:500C	1D:5086	5	4020	SEARCH
FuchsiaPokecenter_h	1D:5057	11:4251	5	40DF	SEARCH
FuchsiaPokecenter_h	1D:5057	12:48AC	5	40AB	SEARCH
FuchsiaPokecenter_h	1D:5057	12:525F	5	52A9	SEARCH
FuchsiaPokecenter_h	1D:5057	12:52C5	5	40AB	SEARCH
FuchsiaPokecenter_h	1D:5057	12:53B0	5	40AB	SEARCH
FuchsiaPokecenter_h	1D:5057	17:457B	5	4064	SEARCH
FuchsiaPokecenter_h	1D:5057	17:4639	5	468B	SEARCH
FuchsiaPokecenter_h	1D:5057	17:48CC	5	4064	SEARCH
FuchsiaPokecenter_h	1D:5057	17:4981	5	4064	SEARCH
FuchsiaPokecenter_h	1D:5057	17:5525	5	4064	SEARCH
FuchsiaPokecenter_h	1D:5057	1D:50D1	5	4030	SEARCH
FuchsiaPokecenter_h	1D:5057	1D:5E97	5	4030	SEARCH
WardensHouse_h	1D:50A9	1D:5123	5	5227	SEARCH
WardensHouse_h	1D:50A9	19:6C47	0	0706	SEARCH
SafariZoneGate_h	1D:51C1	07:5F28	5	6026	SEARCH
SafariZoneGate_h	1D:51C1	07:6032	5	60E9	SEARCH
SafariZoneGate_h	1D:51C1	1D:523B	5	549F	SEARCH
SafariZoneGate_h	1D:51C1	1B:7F41	2	0B0C	SEARCH
FuchsiaGym_h	1D:5431	12:48FE	5	4B83	SEARCH
FuchsiaGym_h	1D:5431	17:4A18	5	4C33	SEARCH
FuchsiaGym_h	1D:5431	1D:54AB	5	5722	SEARCH
FuchsiaGym_h	1D:5431	11:4053	2	0708	SEARCH
FuchsiaMeetingRoom_h	1D:56D7	1D:574F	5	579A	SEARCH
CinnabarGym_h	1D:573E	17:4FFC	5	539F	SEARCH
CinnabarGym_h	1D:573E	1D:57B6	5	5B9D	SEARCH
CinnabarGym_h	1D:573E	1B:4AEF	2	0605	SEARCH
CinnabarGym_h	1D:573E	1B:4AF7	2	0A09	SEARCH
CinnabarGym_h	1D:573E	1B:4B27	2	0A09	SEARCH
CinnabarGym_h	1D:573E	1B:4B67	2	0605	SEARCH
CinnabarGym_h	1D:573E	1B:4B6F	2	0A09	SEARCH
CinnabarGym_h	1D:573E	1B:4B7F	2	0A09	SEARCH
CinnabarGym_h	1D:573E	1B:4B8F	2	0A09	SEARCH
CinnabarGym_h	1D:573E	1B:4BA7	2	0101	SEARCH
CinnabarGym_h	1D:573E	1B:4BCF	2	0A09	SEARCH
CinnabarGym_h	1D:573E	1B:4BE7	2	0A09	SEARCH
CinnabarGym_h	1D:573E	1B:4BFF	2	0A09	SEARCH
CinnabarGym_h	1D:573E	1B:4C7F	2	0101	SEARCH
CinnabarGym_h	1D:573E	1B:46FF	0	0A09	SEARCH
CinnabarGym_h	1D:573E	1B:4C6F	0	0A09	SEARCH
CinnabarLab_h	1D:5B80	1D:5BF7	5	5C68	SEARCH
CinnabarLabTradeRoom_h	1D:5C15	12:630D	5	6381	SEARCH
CinnabarLabTradeRoom_h	1D:5C15	1D:5C8C	5	5CE2	SEARCH
CinnabarLabTradeRoom_h	1D:5C15	1D:5CF2	5	5D8C	SEARCH
CinnabarLabTradeRoom_h	1D:5C15	1D:5D9C	5	5E87	SEARCH
CinnabarLabTradeRoom_h	1D:5C15	1A:484E	0	1111	SEARCH
CinnabarLabMetronomeRoom_h	1D:5C7B	12:630D	5	6381	SEARCH
CinnabarLabMetronomeRoom_h	1D:5C7B	1D:5C8C	5	5CE2	SEARCH
CinnabarLabMetronomeRoom_h	1D:5C7B	1D:5CF2	5	5D8C	SEARCH
CinnabarLabMetronomeRoom_h	1D:5C7B	1D:5D9C	5	5E87	SEARCH
CinnabarLabMetronomeRoom_h	1D:5C7B	1A:484E	0	1111	SEARCH
CinnabarLabFossilRoom_h	1D:5D25	12:630D	5	6381	SEARCH
CinnabarLabFossilRoom_h	1D:5D25	1D:5C8C	5	5CE2	SEARCH
CinnabarLabFossilRoom_h	1D:5D25	1D:5CF2	5	5D8C	SEARCH
CinnabarLabFossilRoom_h	1D:5D25	1D:5D9C	5	5E87	SEARCH
CinnabarLabFossilRoom_h	1D:5D25	1A:484E	0	1111	SEARCH
CinnabarPokecenter_h	1D:5E20	11:4251	5	40DF	SEARCH
CinnabarPokecenter_h	1D:5E20	12:48AC	5	40AB	SEARCH
CinnabarPokecenter_h	1D:5E20	12:525F	5	52A9	SEARCH
CinnabarPokecenter_h	1D:5E20	12:52C5	5	40AB	SEARCH
CinnabarPokecenter_h	1D:5E20	12:53B0	5	40AB	SEARCH
CinnabarPokecenter_h	1D:5E20	17:457B	5	4064	SEARCH
CinnabarPokecenter_h	1D:5E20	17:4639	5	468B	SEARCH
CinnabarPokecenter_h	1D:5E20	17:48CC	5	4064	SEARCH
CinnabarPokecenter_h	1D:5E20	17:4981	5	4064	SEARCH
CinnabarPokecenter_h	1D:5E20	17:5525	5	4064	SEARCH
CinnabarPokecenter_h	1D:5E20	1D:50D1	5	4030	SEARCH
CinnabarPokecenter_h	1D:5E20	1D:5E97	5	4030	SEARCH
CinnabarMart_h	1D:5E72	07:5462	5	5530	SEARCH
CinnabarMart_h	1D:5E72	07:5D7D	5	5DC2	SEARCH
CinnabarMart_h	1D:5E72	17:4887	5	4000	SEARCH
CinnabarMart_h	1D:5E72	17:491E	5	4000	SEARCH
CinnabarMart_h	1D:5E72	17:49D3	5	4000	SEARCH
CinnabarMart_h	1D:5E72	17:53F9	5	4000	SEARCH
CinnabarMart_h	1D:5E72	1D:4D1B	5	4010	SEARCH
CinnabarMart_h	1D:5E72	1D:5EE9	5	4010	SEARCH
CinnabarMart_h	1D:5E72	10:6346	3	5450	SEARCH
CinnabarMart_h	1D:5E72	04:6399	2	0606	SEARCH
CinnabarMart_h	1D:5E72	11:4BAF	2	0404	SEARCH
CinnabarMart_h	1D:5E72	12:5118	2	0602	SEARCH
CinnabarMart_h	1D:5E72	1B:5E39	2	1818	SEARCH
CinnabarMart_h	1D:5E72	04:67B9	0	8686	SEARCH
CinnabarMart_h	1D:5E72	06:45C2	0	2714	SEARCH
CinnabarMart_h	1D:5E72	1E:4CC3	0	1F1B	SEARCH
CopycatsHouse1F_h	1D:5EB7	12:415C	5	4209	SEARCH
CopycatsHouse1F_h	1D:5EB7	1D:5F2E	5	4000	SEARCH
CopycatsHouse1F_h	1D:5EB7	19:5A37	2	0404	SEARCH
CopycatsHouse1F_h	1D:5EB7	16:5F8F	0	173E	SEARCH
CopycatsHouse1F_h	1D:5EB7	19:5327	0	0404	SEARCH
CopycatsHouse1F_h	1D:5EB7	19:6577	0	0404	SEARCH
CopycatsHouse1F_h	1D:5EB7	1A:5CF8	0	1101	SEARCH
CopycatsHouse1F_h	1D:5EB7	1B:6A8F	0	0404	SEARCH
ChampionsRoom_h	1D:5F11	1D:5F88	5	61D6	SEARCH
ChampionsRoom_h	1D:5F11	07:629F	2	04FF	SEARCH
ChampionsRoom_h	1D:5F11	17:5626	2	07FF	SEARCH
ChampionsRoom_h	1D:5F11	17:573D	2	04FF	SEARCH
ChampionsRoom_h	1D:5F11	1A:4652	2	0407	SEARCH
ChampionsRoom_h	1D:5F11	04:5B70	0	0404	SEARCH
ChampionsRoom_h	1D:5F11	17:541E	0	00FF	SEARCH
ChampionsRoom_h	1D:5F11	19:5848	0	0207	SEARCH
ChampionsRoom_h	1D:5F11	1A:7234	0	FCFC	SEARCH
ChampionsRoom_h	1D:5F11	1B:4035	0	FCFC	SEARCH
ChampionsRoom_h	1D:5F11	1D:4D5A	0	00FF	SEARCH
ChampionsRoom_h	1D:5F11	1D:5F0E	0	00FF	SEARCH
LoreleisRoom_h	1D:616F	1D:61E6	5	6323	SEARCH
LoreleisRoom_h	1D:616F	1D:6341	5	647A	SEARCH
LoreleisRoom_h	1D:616F	05:46AB	0	0303	SEARCH
LoreleisRoom_h	1D:616F	05:4B2A	0	0307	SEARCH
LoreleisRoom_h	1D:616F	05:52AA	0	0307	SEARCH
BrunosRoom_h	1D:62CA	1D:61E6	5	6323	SEARCH
BrunosRoom_h	1D:62CA	1D:6341	5	647A	SEARCH
BrunosRoom_h	1D:62CA	05:46AB	0	0303	SEARCH
BrunosRoom_h	1D:62CA	05:4B2A	0	0307	SEARCH
BrunosRoom_h	1D:62CA	05:52AA	0	0307	SEARCH
AgathasRoom_h	1D:6421	1D:6498	5	65D7	SEARCH
AgathasRoom_h	1D:6421	11:5EBE	2	0905	SEARCH
AgathasRoom_h	1D:6421	11:5ECC	2	0805	SEARCH
